Code,License Type,Indicator Name,Short definition,Long definition,Source,Topic,Periodicity,Statistical concept and methodology,Development relevance,License URL
SPI.D4.1.2.AGRI,CC BY-4.0,Agriculture census (Availability score over 20 years),"Agriculture censuses collect information on agricultural activities, such as size of holding, land tenure, land use, employment and production, and provide basic structural data and sampling frames for agricultural surveys.","Agriculture censuses collect information on agricultural activities, such as size of holding, land tenure, land use, employment and production, and provide basic structural data and sampling frames for agricultural surveys.  Censuses of agriculture normally involves collecting key structural data by complete enumeration of all agricultural holdings, in combination with more detailed structural data using sampling methods.  It is recommended that agricultural censuses be conducted at least every 10 years.","Statistical Performance Indicators, The World Bank (https://datacatalog.worldbank.org/dataset/statistical-performance-indicators)",Statistical Performance,Annual,1 Point. census done within last 10 years. 0.5 Points. census done within last 20 years. 0 Points. Otherwise,"Agriculture censuses collect information on agricultural activities, such as size of holding, land tenure, land use, employment and production, and provide basic structural data and sampling frames for agricultural surveys.  Censuses of agriculture normally involves collecting key structural data by complete enumeration of all agricultural holdings, in combination with more detailed structural data using sampling methods.  It is recommended that agricultural censuses be conducted at least every 10 years.",https://datacatalog.worldbank.org/public-licenses#cc-by
SPI.D4.1.5.AGSVY,CC BY-4.0,Agriculture survey (Availability score over 10 years),Agricultural surveys refer to surveys of agricultural holdings based on the sampling frames established by the agricultural census.,"Agricultural surveys refer to surveys of agricultural holdings based on the sampling frames established by the agricultural census.  These are surveys on agricultural land, production, crops and livestock, aquaculture, labor and cost, and time use.  Some issues, such as gender and food security, are of interest to most agriculture surveys.","Statistical Performance Indicators, The World Bank (https://datacatalog.worldbank.org/dataset/statistical-performance-indicators)",Statistical Performance,Annual,1 Point. 3 or more surveys done within past 10 years. 0.6 Points. 2 surveys done within past 10 years. 0.3 Points. 1 survey done within past 10 years. 0 Points. None within past 10 years,"Agricultural surveys refer to surveys of agricultural holdings based on the sampling frames established by the agricultural census.  These are surveys on agricultural land, production, crops and livestock, aquaculture, labor and cost, and time use.  Some issues, such as gender and food security, are of interest to most agriculture surveys.",https://datacatalog.worldbank.org/public-licenses#cc-by
SPI.D1.5.POV,CC BY-4.0,Availability of Comparable Poverty headcount ratio at $1.90 a day (5 year moving average),Comparability data from World Bank's Povcalnet,Comparability data from World Bank's Povcalnet,"Statistical Performance Indicators, The World Bank (https://datacatalog.worldbank.org/dataset/statistical-performance-indicators)",Statistical Performance,Annual,1 Point. Comparable data lasting at least two years within past 5 years.  0 Points. No comparable data within past 5 years,Comparability data from World Bank's Povcalnet,https://datacatalog.worldbank.org/public-licenses#cc-by
SPI.D1.5.CHLD.MORT,CC BY-4.0,"Availability of Mortality rate, under-5 (per 1,000 live births) data meeting quality standards according to UN IGME  (5 year moving average)",Child Mortality Metadata from UN IGME,Child Mortality Metadata from UN IGME,"Statistical Performance Indicators, The World Bank (https://datacatalog.worldbank.org/dataset/statistical-performance-indicators)",Statistical Performance,Annual,1 Point. At least three indicators that met UN IGME standards within past 5 years. 0.67 Points. Two indicators that met UN IGME standards within past 5 years. 0.33 Points. One indicators that met UN IGME standards within past 5 years 0 Points. None within past 5 years,Child Mortality Metadata from UN IGME,https://datacatalog.worldbank.org/public-licenses#cc-by
SPI.D5.2.10.GSBP,CC BY-4.0,Business process,The Generic Statistical Business Process Model (GSBPM) aims to describe statistics production in a general and process-oriented way.,"The Generic Statistical Business Process Model (GSBPM) aims to describe statistics production in a general and process-oriented way.  It is used both within and between statistical offices as a common basis for work with statistics production in different ways, such as quality, efficiency, standardization, and process-orientation.  It is used for all types of surveys, and ""business"" is not related to ""business statistics"" but refers to the statistical office, simply expressed.","Statistical Performance Indicators, The World Bank (https://datacatalog.worldbank.org/dataset/statistical-performance-indicators)",Statistical Performance,Annual,1 Point. GSBPM is in use. 0 Points. Otherwise,"The Generic Statistical Business Process Model (GSBPM) aims to describe statistics production in a general and process-oriented way.  It is used both within and between statistical offices as a common basis for work with statistics production in different ways, such as quality, efficiency, standardization, and process-orientation.  It is used for all types of surveys, and ""business"" is not related to ""business statistics"" but refers to the statistical office, simply expressed.",https://datacatalog.worldbank.org/public-licenses#cc-by
SPI.D4.1.3.BIZZ,CC BY-4.0,Business/establishment census (Availability score over 20 years),"Business/establishment censuses provide valuable information on all economic activities, number of employed and size of establishments in the economy.","Business/establishment censuses provide valuable information on all economic activities, number of employed and size of establishments in the economy.  Business Register information is establishment-based and includes business location, organization type (e.g. subsidiary or parent), industry classification, and operating data (e.g., receipts and employment).","Statistical Performance Indicators, The World Bank (https://datacatalog.worldbank.org/dataset/statistical-performance-indicators)",Statistical Performance,Annual,1 Point. census done within last 10 years. 0.5 Points. census done within last 20 years. 0 Points. Otherwise,"Business/establishment censuses provide valuable information on all economic activities, number of employed and size of establishments in the economy.  Business Register information is establishment-based and includes business location, organization type (e.g. subsidiary or parent), industry classification, and operating data (e.g., receipts and employment).",https://datacatalog.worldbank.org/public-licenses#cc-by
SPI.D4.1.8.BZSVY,CC BY-4.0,Business/establishment survey (Availability score over 10 years),"The business/establishment survey provides information on employment, hours, and earnings of employees from a sample of business establishments including private and public, entities that are classified based on an establishment's principal activity from the business or establishment census.","The business/establishment survey provides information on employment, hours, and earnings of employees from a sample of business establishments including private and public, entities that are classified based on an establishment's principal activity from the business or establishment census.  Establishment surveys include surveys of businesses, farms, and institutions.  They may ask for information about the establishment itself and/or employee characteristics and demographics.","Statistical Performance Indicators, The World Bank (https://datacatalog.worldbank.org/dataset/statistical-performance-indicators)",Statistical Performance,Annual,1 Point. 3 or more surveys done within past 10 years. 0.6 Points. 2 surveys done within past 10 years. 0.3 Points. 1 survey done within past 10 years. 0 Points. None within past 10 years,"The business/establishment survey provides information on employment, hours, and earnings of employees from a sample of business establishments including private and public, entities that are classified based on an establishment's principal activity from the business or establishment census.  Establishment surveys include surveys of businesses, farms, and institutions.  They may ask for information about the establishment itself and/or employee characteristics and demographics.",https://datacatalog.worldbank.org/public-licenses#cc-by
SPI.D5.2.7.CGOV,CC BY-4.0,Central government accounting status,Government finance accounting status refers to the accounting basis for reporting central government financial data.,"Government finance accounting status refers to the accounting basis for reporting central government financial data.  For many countries’ government finance data, have been consolidated into one set of accounts capturing all the central government’s fiscal activities and following noncash recording basis.  Budgetary central government accounts do not necessarily include all central government units, the picture they provide of central government activities is usually incomplete.","Statistical Performance Indicators, The World Bank (https://datacatalog.worldbank.org/dataset/statistical-performance-indicators)",Statistical Performance,Annual,1 Point. Consolidated central government accounting follows noncash recording basis. 0.5 Points. Consolidated central government accounting follows cash recording basis. 0 Points. Otherwise,"Government finance accounting status refers to the accounting basis for reporting central government financial data.  For many countries’ government finance data, have been consolidated into one set of accounts capturing all the central government’s fiscal activities and following noncash recording basis.  Budgetary central government accounts do not necessarily include all central government units, the picture they provide of central government activities is usually incomplete.",https://datacatalog.worldbank.org/public-licenses#cc-by
SPI.D5.2.5.HOUS,CC BY-4.0,Classification of household consumption,"Classification of Individual Consumption According to Purpose (COICOP) is used in household budget surveys, consumer price indices and international comparisons of gross domestic product (GDP) and its component expenditures.","Classification of Individual Consumption According to Purpose (COICOP) is used in household budget surveys, consumer price indices and international comparisons of gross domestic product (GDP) and its component expenditures.  Although COICOP is not strictly linked to any particular model of consumer behavior, the classification is designed to broadly reflect differences in income elasticities.  It is an integral part of the SNA1993 and more detailed subdivision of the classes provide comparability between countries and between statistics in these different areas.","Statistical Performance Indicators, The World Bank (https://datacatalog.worldbank.org/dataset/statistical-performance-indicators)",Statistical Performance,Annual,1 Point. Follow Classification of Individual Consumption by Purpose (COICOP). 0 Points. Otherwise,"Classification of Individual Consumption According to Purpose (COICOP) is used in household budget surveys, consumer price indices and international comparisons of gross domestic product (GDP) and its component expenditures.  Although COICOP is not strictly linked to any particular model of consumer behavior, the classification is designed to broadly reflect differences in income elasticities.  It is an integral part of the SNA1993 and more detailed subdivision of the classes provide comparability between countries and between statistics in these different areas.",https://datacatalog.worldbank.org/public-licenses#cc-by
SPI.D5.2.3.CNIN,CC BY-4.0,Classification of national industry,The industrial production data are compiled using the International Standard Industrial Classification of All Economic Activities (ISIC) Rev.4 and Statistical Classification of Economic Activities in the European Community (NACE) Rev.2.,"The industrial production data are compiled using the International Standard Industrial Classification of All Economic Activities (ISIC) Rev.4 and Statistical Classification of Economic Activities in the European Community (NACE) Rev.2.  ISIC Rev.4 is a standard classification of economic activities arranged so that entities can be classified per the activity they carry out using criteria such as input, output and use of the products produced, more emphasis has been given to the character of the production process in defining and delineating ISIC classes for international comparability.  The manual and classification have changed to cover the complete scope of industrial production, employment, and GDP and other statistical areas.","Statistical Performance Indicators, The World Bank (https://datacatalog.worldbank.org/dataset/statistical-performance-indicators)",Statistical Performance,Annual,"1 Point. Latest version is adopted (ISIC Rev 4, NACE Rev 2 or a compatible classification). 0.5 Points. Previous version is used (ISIC Rev 3, NACE Rev 1 or a compatible classification). 0 Points. Otherwise","The industrial production data are compiled using the International Standard Industrial Classification of All Economic Activities (ISIC) Rev.4 and Statistical Classification of Economic Activities in the European Community (NACE) Rev.2.  ISIC Rev.4 is a standard classification of economic activities arranged so that entities can be classified per the activity they carry out using criteria such as input, output and use of the products produced, more emphasis has been given to the character of the production process in defining and delineating ISIC classes for international comparability.  The manual and classification have changed to cover the complete scope of industrial production, employment, and GDP and other statistical areas.",https://datacatalog.worldbank.org/public-licenses#cc-by
SPI.D5.2.6.EMPL,CC BY-4.0,Classification of status of employment,Classification of status of employment refers to employment data that are compiled using the current international standard International Classification of Status in Employment (ISCE-93).,"Classification of status of employment refers to employment data that are compiled using the current international standard International Classification of Status in Employment (ISCE-93).  It classifies jobs with respect to the type of explicit or implicit contract of employment between the job holder and the economic unit in which he or she is employed.  Therefore, it aims to provide the basis for production of internationally comparable statistics on the employment relationship, including the distinction between salaried employment and self-employment.","Statistical Performance Indicators, The World Bank (https://datacatalog.worldbank.org/dataset/statistical-performance-indicators)",Statistical Performance,Annual,"1 Point. Follow International Labour Organization, International Classification of Status in Employment (ICSE-93) or 2012 North American Industry Classification System (NAICS). 0 Points Otherwise.","Classification of status of employment refers to employment data that are compiled using the current international standard International Classification of Status in Employment (ISCE-93).  It classifies jobs with respect to the type of explicit or implicit contract of employment between the job holder and the economic unit in which he or she is employed.  Therefore, it aims to provide the basis for production of internationally comparable statistics on the employment relationship, including the distinction between salaried employment and self-employment.",https://datacatalog.worldbank.org/public-licenses#cc-by
SPI.D5.2.8.FINA,CC BY-4.0,Compilation of government finance statistics,Compilation of government finance statistics refers to the Government Finance Statistics Manual (GFSM) in use for compiling the data.,Compilation of government finance statistics refers to the Government Finance Statistics Manual (GFSM) in use for compiling the data.  It provides guidelines on the institutional structure of governments and the presentation of fiscal data in a format similar to business accounting with a balance sheet and income statement plus guidelines on the treatment of exchange rate and other valuation adjustments.  The latest manual GFSM2014 is harmonized with the SNA2008.,"Statistical Performance Indicators, The World Bank (https://datacatalog.worldbank.org/dataset/statistical-performance-indicators)",Statistical Performance,Annual,1 Point. Follow the latest Government Finance Statistical Manual (2014)/ ESA2010. 0.5 Points. Previous version is used (GFSM 2001). 0 Points. Otherwise,Compilation of government finance statistics refers to the Government Finance Statistics Manual (GFSM) in use for compiling the data.  It provides guidelines on the institutional structure of governments and the presentation of fiscal data in a format similar to business accounting with a balance sheet and income statement plus guidelines on the treatment of exchange rate and other valuation adjustments.  The latest manual GFSM2014 is harmonized with the SNA2008.,https://datacatalog.worldbank.org/public-licenses#cc-by
SPI.D5.2.9.MONY,CC BY-4.0,Compilation of monetary and financial statistics,Compilation of monetary and financial statistics refers to the Monetary and Financial Statistics Manual (MFSM) in use.,"Compilation of monetary and financial statistics refers to the Monetary and Financial Statistics Manual (MFSM) in use.  It covers concepts, definitions, classifications of financial instruments and sectors, and accounting rules, and provides a comprehensive analytic framework for monetary and financial planning and policy determination.  The Monetary and Finance Statistics: Compilation Guide (2008) provides detailed guidelines for the compilation of monetary and financial statistics in addition to MFSM.","Statistical Performance Indicators, The World Bank (https://datacatalog.worldbank.org/dataset/statistical-performance-indicators)",Statistical Performance,Annual,1 Point. Follow the latest Monetary and Finance Statistics Manual (2000) or Monetary and Finance Statistics: Compilation Guide (2008/2016). 0 Points. Otherwise,"Compilation of monetary and financial statistics refers to the Monetary and Financial Statistics Manual (MFSM) in use.  It covers concepts, definitions, classifications of financial instruments and sectors, and accounting rules, and provides a comprehensive analytic framework for monetary and financial planning and policy determination.  The Monetary and Finance Statistics: Compilation Guide (2008) provides detailed guidelines for the compilation of monetary and financial statistics in addition to MFSM.",https://datacatalog.worldbank.org/public-licenses#cc-by
SPI.D5.2.4.CPIBY,CC BY-4.0,CPI base year,Consumer Price Index serves as indicators of inflation and reflects changes in the cost of acquiring a fixed basket of goods and services by the average consumer.,Consumer Price Index serves as indicators of inflation and reflects changes in the cost of acquiring a fixed basket of goods and services by the average consumer.  Weights are usually derived from consumer expenditure surveys and the CPI base year refers to the year the weights were derived.  It is recommended that the base year be changed periodically to reflect changes in expenditure structure.,"Statistical Performance Indicators, The World Bank (https://datacatalog.worldbank.org/dataset/statistical-performance-indicators)",Statistical Performance,Annual,1 Point. Annual chain linking. 0.5 Points. Base year in last 10 years. 0 points. Otherwise,Consumer Price Index serves as indicators of inflation and reflects changes in the cost of acquiring a fixed basket of goods and services by the average consumer.  Weights are usually derived from consumer expenditure surveys and the CPI base year refers to the year the weights were derived.  It is recommended that the base year be changed periodically to reflect changes in expenditure structure.,https://datacatalog.worldbank.org/public-licenses#cc-by
SPI.D4.2.3.CRVS,CC BY-4.0,CRVS (WDI),Civil Registration and Vital Statistics (CRVS) complete,Civil Registration and Vital Statistics (CRVS) complete,"Statistical Performance Indicators, The World Bank (https://datacatalog.worldbank.org/dataset/statistical-performance-indicators)",Statistical Performance,Annual,Birth registrations 90% complete and death registration 75% complete according to UNSD.,Civil Registration and Vital Statistics (CRVS) complete,https://datacatalog.worldbank.org/public-licenses#cc-by
SPI.DIM1.5.INDEX,CC BY-4.0,Dimension 1.5: Data use by international organizations,Five measures usefulness or reliability of country produced measures for international organizations.,"Five measures usefulness or reliability of country produced measures for international organizations. First, on comparability of poverty estimates for the World Bank reporting on international poverty (Source: Povcalnet). Second on usable surveys for statistics on child mortality for the UN Inter-agency Group for Child Mortality Estimation (Source: https://childmortality.org/). Third on accuracy of debt reporting as classified by the World Bank (Source: World Bank WDI metadata).  Fourth, on availability of safely managed drinking water data for use by JMP.  Fifth, on labor force participation data for use by ILO. We recognize that these data sources provide only partial coverage but consider that they do at least provide some indication of the performance of the national statistical system. With more complete data sources it would be possible to assess this further","Statistical Performance Indicators, The World Bank (https://datacatalog.worldbank.org/dataset/statistical-performance-indicators)",Statistical Performance,Annual,"Unweighted average of indicators in this dimension.  Scores range from 0-1, with a score of 1 representing the best possible score.","Five measures usefulness or reliability of country produced measures for international organizations. First, on comparability of poverty estimates for the World Bank reporting on international poverty (Source: Povcalnet). Second on usable surveys for statistics on child mortality for the UN Inter-agency Group for Child Mortality Estimation (Source: https://childmortality.org/). Third on accuracy of debt reporting as classified by the World Bank (Source: World Bank WDI metadata).  Fourth, on availability of safely managed drinking water data for use by JMP.  Fifth, on labor force participation data for use by ILO. We recognize that these data sources provide only partial coverage but consider that they do at least provide some indication of the performance of the national statistical system. With more complete data sources it would be possible to assess this further",https://datacatalog.worldbank.org/public-licenses#cc-by
SPI.DIM2.1.INDEX,CC BY-4.0,Dimension 2.1: Data Releases,SDDS/e-GDDS subscription.,"SDDS/e-GDDS subscription. This indicator is based on whether the country subscribes to IMF SDDS+, SDDS, or e-GDDS standards.  The source is the IMF Dissemination Standards Bulletin Board.  This is a good data source but we recognize that it is a proxy for the concept we are seeking to capture rather than a direct measurement.","Statistical Performance Indicators, The World Bank (https://datacatalog.worldbank.org/dataset/statistical-performance-indicators)",Statistical Performance,Annual,"Unweighted average of indicators in this dimension.  Scores range from 0-1, with a score of 1 representing the best possible score.","SDDS/e-GDDS subscription. This indicator is based on whether the country subscribes to IMF SDDS+, SDDS, or e-GDDS standards.  The source is the IMF Dissemination Standards Bulletin Board.  This is a good data source but we recognize that it is a proxy for the concept we are seeking to capture rather than a direct measurement.",https://datacatalog.worldbank.org/public-licenses#cc-by
SPI.DIM2.2.INDEX,CC BY-4.0,Dimension 2.2: Online access,ODIN Open Data Openness score.,"ODIN Open Data Openness score.  This is a well-established data source with good country coverage. In using this indicator, it is important to describe carefully what is captured since the purpose of ODIN is different to the purpose of the SPI.","Statistical Performance Indicators, The World Bank (https://datacatalog.worldbank.org/dataset/statistical-performance-indicators)",Statistical Performance,Annual,"Unweighted average of indicators in this dimension.  Scores range from 0-1, with a score of 1 representing the best possible score.","ODIN Open Data Openness score.  This is a well-established data source with good country coverage. In using this indicator, it is important to describe carefully what is captured since the purpose of ODIN is different to the purpose of the SPI.",https://datacatalog.worldbank.org/public-licenses#cc-by
SPI.D2.2.Download.options,CC BY-4.0,Dimension 2.2: Online access - Download Options Score,"This openness element measures whether download options are available. ODIN looks for three download options: (1) bulk download (at the indicator level), (2) API, and (3) user-select download (custom downloads). Options 2 and 3 are interchangeable for scoring purposes.","This openness element measures whether download options are available. ODIN looks for three download options: (1) bulk download (at the indicator level), (2) API, and (3) user-select download (custom downloads). Options 2 and 3 are interchangeable for scoring purposes.",Open Data Watch,Statistical Performance,Annual,"Our source for this indicator is Open Data Watch.  Scores range from 0-100.  For more details, consult the ODIN technical documentation.","In general, openness scores are based on the format and licensing of the datasets, the comprehensiveness of metadata, and what download options exist.",
SPI.D2.2.Machine.readable,CC BY-4.0,Dimension 2.2: Online access - Machine Readability Score,"This openness element measures whether data are made available in machine readable formats. Machine readable file formats allow users to easily process data using a computer. Common machine readable formats include XLS, XLSX, CSV, and JSON files.","This openness element measures whether data are made available in machine readable formats. Machine readable file formats allow users to easily process data using a computer. Common machine readable formats include XLS, XLSX, CSV, and JSON files.",Open Data Watch,Statistical Performance,Annual,"Our source for this indicator is Open Data Watch.  Scores range from 0-100.  For more details, consult the ODIN technical documentation.","In general, openness scores are based on the format and licensing of the datasets, the comprehensiveness of metadata, and what download options exist.",
SPI.D2.2.Metadata.available,CC BY-4.0,Dimension 2.2: Online access - Metadata Available Score,This openness element measures whether metadata are available for the published indicators. Metadata must be located in or near the data file or on a designated metadata section of the website. ODIN looks for three aspects of metadata: (1) definition of indicator; (2) date of upload; and (3) Source agency.,This openness element measures whether metadata are available for the published indicators. Metadata must be located in or near the data file or on a designated metadata section of the website. ODIN looks for three aspects of metadata: (1) definition of indicator; (2) date of upload; and (3) Source agency.,Open Data Watch,Statistical Performance,Annual,"Our source for this indicator is Open Data Watch.  Scores range from 0-100.  For more details, consult the ODIN technical documentation.","In general, openness scores are based on the format and licensing of the datasets, the comprehensiveness of metadata, and what download options exist.",
SPI.D2.2.Non.proprietary,CC BY-4.0,Dimension 2.2: Online access - Non-Proprietary format Score,"This openness element measures whether data are made available in nonproprietary formats. Nonproprietary file formats are important because they allow users to access data without requiring the use of a costly, proprietary software that may prevent some users from accessing the data. Common nonproprietary formats include PDF, HTML, XLSX, DOCX, CSV, and JSON files.","This openness element measures whether data are made available in nonproprietary formats. Nonproprietary file formats are important because they allow users to access data without requiring the use of a costly, proprietary software that may prevent some users from accessing the data. Common nonproprietary formats include PDF, HTML, XLSX, DOCX, CSV, and JSON files.",Open Data Watch,Statistical Performance,Annual,"Our source for this indicator is Open Data Watch.  Scores range from 0-100.  For more details, consult the ODIN technical documentation.","In general, openness scores are based on the format and licensing of the datasets, the comprehensiveness of metadata, and what download options exist.",
SPI.D2.2.Terms.of.use,CC BY-4.0,Dimension 2.2: Online access - Terms of Use Score,"This openness element measures whether data are made available under an open license. Open licenses must allow the use, reuse, and sharing or adaption of data for commercial and noncommercial use without any obligation other than attribution, per the Open Definition. Licenses prohibiting commercial use or having two or more additional stipulations are classified as “Not Open”. Licenses with no more than one additional stipulation are classified as “Some Restrictions.” Licenses that do not explicitly state all allowed uses under the Open Definition and do not include restrictive language are also classified as “Some Restrictions.”","This openness element measures whether data are made available under an open license. Open licenses must allow the use, reuse, and sharing or adaption of data for commercial and noncommercial use without any obligation other than attribution, per the Open Definition. Licenses prohibiting commercial use or having two or more additional stipulations are classified as “Not Open”. Licenses with no more than one additional stipulation are classified as “Some Restrictions.” Licenses that do not explicitly state all allowed uses under the Open Definition and do not include restrictive language are also classified as “Some Restrictions.”",Open Data Watch,Statistical Performance,Annual,"Our source for this indicator is Open Data Watch.  Scores range from 0-100.  For more details, consult the ODIN technical documentation.","In general, openness scores are based on the format and licensing of the datasets, the comprehensiveness of metadata, and what download options exist.",
SPI.DIM2.4.INDEX,CC BY-4.0,Dimension 2.4: Data services,NADA metadata.,"NADA metadata.  This indicator checks whether NADA microdata cataloging is available for surveys produced by NSO.  NADA is an open source microdata cataloging system, compliant with the Data Documentation Initiative (DDI) and Dublin Cores RDF metadata standards.  Source: NSO websites.","Statistical Performance Indicators, The World Bank (https://datacatalog.worldbank.org/dataset/statistical-performance-indicators)",Statistical Performance,Annual,"Unweighted average of indicators in this dimension.  Scores range from 0-1, with a score of 1 representing the best possible score.","NADA metadata.  This indicator checks whether NADA microdata cataloging is available for surveys produced by NSO.  NADA is an open source microdata cataloging system, compliant with the Data Documentation Initiative (DDI) and Dublin Cores RDF metadata standards.  Source: NSO websites.",https://datacatalog.worldbank.org/public-licenses#cc-by
SPI.DIM3.1.INDEX,CC BY-4.0,Dimension 3.1: Social Statistics,Average score for Goal 1-6 indicators.,"Average score for Goal 1-6 indicators. The primary data source is the UN SDG database. Whilst this is a database with comprehensive coverage that all countries have signed up to, it is clear that many (particularly developed countries) are not yet submitting their available national data. Scores for these countries are likely to represent an indicator of their willingness to submit national data rather than their performance in calculating the indicators.  For OECD countries, we supplement the UN SDG database with comparable data submitted to the OECD following the methodology in Measuring Distance to the SDG Targets 2019: An Assessment of Where OECD Countries Stand (https://www.oecd.org/sdd/measuring-distance-to-the-sdg-targets-2019-a8caf3fa-en.htm).","Statistical Performance Indicators, The World Bank (https://datacatalog.worldbank.org/dataset/statistical-performance-indicators)",Statistical Performance,Annual,"Unweighted average of indicators in this dimension.  Scores range from 0-1, with a score of 1 representing the best possible score.","Average score for Goal 1-6 indicators. The primary data source is the UN SDG database. Whilst this is a database with comprehensive coverage that all countries have signed up to, it is clear that many (particularly developed countries) are not yet submitting their available national data. Scores for these countries are likely to represent an indicator of their willingness to submit national data rather than their performance in calculating the indicators.  For OECD countries, we supplement the UN SDG database with comparable data submitted to the OECD following the methodology in Measuring Distance to the SDG Targets 2019: An Assessment of Where OECD Countries Stand (https://www.oecd.org/sdd/measuring-distance-to-the-sdg-targets-2019-a8caf3fa-en.htm).",https://datacatalog.worldbank.org/public-licenses#cc-by
SPI.DIM3.2.INDEX,CC BY-4.0,Dimension 3.2: Economic Statistics,Average score for Goal 7-12 indicators.,Average score for Goal 7-12 indicators. See 3.1.,"Statistical Performance Indicators, The World Bank (https://datacatalog.worldbank.org/dataset/statistical-performance-indicators)",Statistical Performance,Annual,"Unweighted average of indicators in this dimension.  Scores range from 0-1, with a score of 1 representing the best possible score.",Average score for Goal 7-12 indicators. See 3.1.,https://datacatalog.worldbank.org/public-licenses#cc-by
SPI.DIM3.3.INDEX,CC BY-4.0,Dimension 3.3: Environmental Statistics,Average score for Goal 13-15 indicators.,Average score for Goal 13-15 indicators. See 3.1.,"Statistical Performance Indicators, The World Bank (https://datacatalog.worldbank.org/dataset/statistical-performance-indicators)",Statistical Performance,Annual,"Unweighted average of indicators in this dimension.  Scores range from 0-1, with a score of 1 representing the best possible score.",Average score for Goal 13-15 indicators. See 3.1.,https://datacatalog.worldbank.org/public-licenses#cc-by
SPI.DIM3.4.INDEX,CC BY-4.0,Dimension 3.4: Institutional Statistics,Average score for Goal 16-17 indicators.,Average score for Goal 16-17 indicators. See 3.1.,"Statistical Performance Indicators, The World Bank (https://datacatalog.worldbank.org/dataset/statistical-performance-indicators)",Statistical Performance,Annual,"Unweighted average of indicators in this dimension.  Scores range from 0-1, with a score of 1 representing the best possible score.",Average score for Goal 16-17 indicators. See 3.1.,https://datacatalog.worldbank.org/public-licenses#cc-by
SPI.DIM4.1.CEN.INDEX,CC BY-4.0,Dimension 4.1: Censuses and Surveys - Censuses only,Average score Census and Survey Indicators indicators.,"Average score Census and Survey Indicators indicators. Availability of recent censuses and surveys covering broad areas.  The following censuses and surveys are considered: Population & Housing census, Agriculture census, Business/establishment census, Household Survey on income/ consumption/ expenditure/ budget/ Integrated Survey, Agriculture survey, Labor Force Survey, Health/Demographic survey, Business/establishment survey. Source: NSO websites, World Bank microdata library, ILO microdata library, IHSN microdata librar","Statistical Performance Indicators, The World Bank (https://datacatalog.worldbank.org/dataset/statistical-performance-indicators)",Statistical Performance,Annual,"Unweighted average of indicators in this dimension.  Scores range from 0-1, with a score of 1 representing the best possible score.","Average score Census and Survey Indicators indicators. Availability of recent censuses and surveys covering broad areas.  The following censuses and surveys are considered: Population & Housing census, Agriculture census, Business/establishment census, Household Survey on income/ consumption/ expenditure/ budget/ Integrated Survey, Agriculture survey, Labor Force Survey, Health/Demographic survey, Business/establishment survey. Source: NSO websites, World Bank microdata library, ILO microdata library, IHSN microdata librar",https://datacatalog.worldbank.org/public-licenses#cc-by
SPI.DIM4.1.SVY.INDEX,CC BY-4.0,Dimension 4.1: Censuses and Surveys - Surveys only,Average score Census and Survey Indicators indicators.,"Average score Census and Survey Indicators indicators. Availability of recent censuses and surveys covering broad areas.  The following censuses and surveys are considered: Population & Housing census, Agriculture census, Business/establishment census, Household Survey on income/ consumption/ expenditure/ budget/ Integrated Survey, Agriculture survey, Labor Force Survey, Health/Demographic survey, Business/establishment survey. Source: NSO websites, World Bank microdata library, ILO microdata library, IHSN microdata librar","Statistical Performance Indicators, The World Bank (https://datacatalog.worldbank.org/dataset/statistical-performance-indicators)",Statistical Performance,Annual,"Unweighted average of indicators in this dimension.  Scores range from 0-1, with a score of 1 representing the best possible score.","Average score Census and Survey Indicators indicators. Availability of recent censuses and surveys covering broad areas.  The following censuses and surveys are considered: Population & Housing census, Agriculture census, Business/establishment census, Household Survey on income/ consumption/ expenditure/ budget/ Integrated Survey, Agriculture survey, Labor Force Survey, Health/Demographic survey, Business/establishment survey. Source: NSO websites, World Bank microdata library, ILO microdata library, IHSN microdata librar",https://datacatalog.worldbank.org/public-licenses#cc-by
SPI.DIM4.2.INDEX,CC BY-4.0,Dimension 4.2: Administrative Data,Average score for CRVS indicator.,"Average score for CRVS indicator.  An ideal indicator would include a score based on the density of administrative data available in sectors of social protection, education, labor, and health.  However, social protection, education, health, and labor admin data indicators not included because of lack of established methodology. While our team identified several promising sources for administrative data from the World Bank's ASPIRE team, WHO, UNESCO, and ILO, incomplete coverage across countries made us drop these indicators from our index.  A major research and data collection effort is needed from all custodian agencies  to fill in this information, so that a more comprehensive picture of administrative data availability can be produced.","Statistical Performance Indicators, The World Bank (https://datacatalog.worldbank.org/dataset/statistical-performance-indicators)",Statistical Performance,Annual,"Unweighted average of indicators in this dimension.  Scores range from 0-1, with a score of 1 representing the best possible score.","Average score for CRVS indicator.  An ideal indicator would include a score based on the density of administrative data available in sectors of social protection, education, labor, and health.  However, social protection, education, health, and labor admin data indicators not included because of lack of established methodology. While our team identified several promising sources for administrative data from the World Bank's ASPIRE team, WHO, UNESCO, and ILO, incomplete coverage across countries made us drop these indicators from our index.  A major research and data collection effort is needed from all custodian agencies  to fill in this information, so that a more comprehensive picture of administrative data availability can be produced.",https://datacatalog.worldbank.org/public-licenses#cc-by
SPI.DIM4.3.INDEX,CC BY-4.0,Dimension 4.3: Geospatial Data,Geospatial data available at 1st Admin Level.,"Geospatial data available at 1st Admin Level.  We recognize that this data source provides only limited coverage but consider that it does at least provide some indication of the ability of the national statistical system to produce geospatial data. A major research and data collection effort is needed via GGIM to fill in this information, so that a more comprehensive picture of geospatial data capability at the national level can be produced. Until this is done, it we cannot even assess the scale of the data gaps in a comparable way.","Statistical Performance Indicators, The World Bank (https://datacatalog.worldbank.org/dataset/statistical-performance-indicators)",Statistical Performance,Annual,"Unweighted average of indicators in this dimension.  Scores range from 0-1, with a score of 1 representing the best possible score.","Geospatial data available at 1st Admin Level.  We recognize that this data source provides only limited coverage but consider that it does at least provide some indication of the ability of the national statistical system to produce geospatial data. A major research and data collection effort is needed via GGIM to fill in this information, so that a more comprehensive picture of geospatial data capability at the national level can be produced. Until this is done, it we cannot even assess the scale of the data gaps in a comparable way.",https://datacatalog.worldbank.org/public-licenses#cc-by
SPI.DIM5.1.INDEX,CC BY-4.0,Dimension 5.1: Legislation and governance,"Included in dashboard, but not index because of insufficient country coverage.","Included in dashboard, but not index because of insufficient country coverage.  This indicator is based on PARIS21 indicators on SDG 17.18.2 (national statistical legislation compliance with UN Fundamental Principles of Official Statistics), existence of National Statistical Council, national statistical strategy generation, national statistical plan. Limited country coverage makes cross country comparison limited.  A global database of statistical and data legislation and governance practice would be a valuable resource for capacity building in general not just for the SPI.","Statistical Performance Indicators, The World Bank (https://datacatalog.worldbank.org/dataset/statistical-performance-indicators)",Statistical Performance,Annual,"Unweighted average of indicators in this dimension.  Scores range from 0-1, with a score of 1 representing the best possible score.","Included in dashboard, but not index because of insufficient country coverage.  This indicator is based on PARIS21 indicators on SDG 17.18.2 (national statistical legislation compliance with UN Fundamental Principles of Official Statistics), existence of National Statistical Council, national statistical strategy generation, national statistical plan. Limited country coverage makes cross country comparison limited.  A global database of statistical and data legislation and governance practice would be a valuable resource for capacity building in general not just for the SPI.",https://datacatalog.worldbank.org/public-licenses#cc-by
SPI.DIM5.2.INDEX,CC BY-4.0,Dimension 5.2: Standards and Methods,Average score for Standards and Methods indicators.,"Average score for Standards and Methods indicators. Internationally accepted and recommended methodology, classifications and standards provide the basis for national statistical offices (NSOs) on data integration, facilitating data exchange and providing the foundation for the preparation of relevant statistical indicators.  The following methods and standards are considered:  System of national accounts in use, National Accounts base year, Classification of national industry, CPI base year, Classification of household consumption, Classification of status of employment, Central government accounting status, Compilation of government finance statistics, Compilation of monetary and financial statistics, Business process.  . Further work could improve the validity of this indicator and reduce the risk that countries may be incentivized to adopt only traditional standards and methods and neglect innovative solutions that may be more valid in the current context.","Statistical Performance Indicators, The World Bank (https://datacatalog.worldbank.org/dataset/statistical-performance-indicators)",Statistical Performance,Annual,"Unweighted average of indicators in this dimension.  Scores range from 0-1, with a score of 1 representing the best possible score.","Average score for Standards and Methods indicators. Internationally accepted and recommended methodology, classifications and standards provide the basis for national statistical offices (NSOs) on data integration, facilitating data exchange and providing the foundation for the preparation of relevant statistical indicators.  The following methods and standards are considered:  System of national accounts in use, National Accounts base year, Classification of national industry, CPI base year, Classification of household consumption, Classification of status of employment, Central government accounting status, Compilation of government finance statistics, Compilation of monetary and financial statistics, Business process.  . Further work could improve the validity of this indicator and reduce the risk that countries may be incentivized to adopt only traditional standards and methods and neglect innovative solutions that may be more valid in the current context.",https://datacatalog.worldbank.org/public-licenses#cc-by
SPI.DIM5.5.INDEX,CC BY-4.0,Dimension 5.5: Finance,"Included in dashboard, but not index because of insufficient country coverage and concerns that the indicator has biases that would lead to misleading incentives.","Included in dashboard, but not index because of insufficient country coverage and concerns that the indicator has biases that would lead to misleading incentives.  The indicator is based on PARIS21 SDG indicators (SDG 17.18.3 (national statistical plan that is fully funded and under implementation).","Statistical Performance Indicators, The World Bank (https://datacatalog.worldbank.org/dataset/statistical-performance-indicators)",Statistical Performance,Annual,"Unweighted average of indicators in this dimension.  Scores range from 0-1, with a score of 1 representing the best possible score.","Included in dashboard, but not index because of insufficient country coverage and concerns that the indicator has biases that would lead to misleading incentives.  The indicator is based on PARIS21 SDG indicators (SDG 17.18.3 (national statistical plan that is fully funded and under implementation).",https://datacatalog.worldbank.org/public-licenses#cc-by
SPI.D5.5.DIFI,CC BY-4.0,Finance Indicator based on PARIS21 indicators on SDG 17.18.3 & SDG 17.19.1,Indicator based on PARIS21 SDG indicators (SDG 17.18.3 (national statistical plan that is fully funded and under implementation) and SDG 17.19.1 (value of resources made available to strengthen statistical capacity)).,Indicator based on PARIS21 SDG indicators (SDG 17.18.3 (national statistical plan that is fully funded and under implementation) and SDG 17.19.1 (value of resources made available to strengthen statistical capacity)). Could also incorporate indicator of NSO budget as a percentage of GDP.,"Statistical Performance Indicators, The World Bank (https://datacatalog.worldbank.org/dataset/statistical-performance-indicators)",Statistical Performance,Annual,Scores is 1 if the country has a national statistical plan that is fully funded and under implementation. Scores of 0 or scores with missing values are treated the same (both given a score of zero).,Indicator based on PARIS21 SDG indicators (SDG 17.18.3 (national statistical plan that is fully funded and under implementation) and SDG 17.19.1 (value of resources made available to strengthen statistical capacity)). Could also incorporate indicator of NSO budget as a percentage of GDP.,https://datacatalog.worldbank.org/public-licenses#cc-by
SPI.D4.3.GEO.first.admin.level,CC BY-4.0,Geospatial data available at 1st Admin Level,Indicator data availability at sub-national levels,Indicator data availability at sub-national levels,"Statistical Performance Indicators, The World Bank (https://datacatalog.worldbank.org/dataset/statistical-performance-indicators)",Statistical Performance,Annual,"Our source for this indicator is Open Data Watch.  Indicator is whether data available at first administrative data level.  Scores range from 0-100.  For more details, consult the ODIN technical documentation.",Indicator data availability at sub-national levels,https://datacatalog.worldbank.org/public-licenses#cc-by
SPI.D3.1.POV,CC BY-4.0,GOAL 1: No Poverty (5 year moving average),SDG Goal 1 data availability.,SDG Goal 1 data availability.  Source: UN Global SDG Indicators Database,"Statistical Performance Indicators, The World Bank (https://datacatalog.worldbank.org/dataset/statistical-performance-indicators)",Statistical Performance,Annual,Fraction of Indicators in Goal 1 with value produced by countries statistical system,SDG Goal 1 data availability.  Source: UN Global SDG Indicators Database,https://datacatalog.worldbank.org/public-licenses#cc-by
SPI.D3.10.NEQL,CC BY-4.0,GOAL 10: Reduced Inequality (5 year moving average),SDG Goal 10 data availability.,SDG Goal 10 data availability.  Source: UN Global SDG Indicators Database,"Statistical Performance Indicators, The World Bank (https://datacatalog.worldbank.org/dataset/statistical-performance-indicators)",Statistical Performance,Annual,Fraction of Indicators in Goal 10 with value produced by countries statistical system,SDG Goal 10 data availability.  Source: UN Global SDG Indicators Database,https://datacatalog.worldbank.org/public-licenses#cc-by
SPI.D3.11.CITY,CC BY-4.0,GOAL 11: Sustainable Cities and Communities (5 year moving average),SDG Goal 11 data availability.,SDG Goal 11 data availability.  Source: UN Global SDG Indicators Database,"Statistical Performance Indicators, The World Bank (https://datacatalog.worldbank.org/dataset/statistical-performance-indicators)",Statistical Performance,Annual,Fraction of Indicators in Goal 11 with value produced by countries statistical system,SDG Goal 11 data availability.  Source: UN Global SDG Indicators Database,https://datacatalog.worldbank.org/public-licenses#cc-by
SPI.D3.12.CNSP,CC BY-4.0,GOAL 12: Responsible Consumption and Production (5 year moving average),SDG Goal 12 data availability.,SDG Goal 12 data availability.  Source: UN Global SDG Indicators Database,"Statistical Performance Indicators, The World Bank (https://datacatalog.worldbank.org/dataset/statistical-performance-indicators)",Statistical Performance,Annual,Fraction of Indicators in Goal 12 with value produced by countries statistical system,SDG Goal 12 data availability.  Source: UN Global SDG Indicators Database,https://datacatalog.worldbank.org/public-licenses#cc-by
SPI.D3.13.CLMT,CC BY-4.0,GOAL 13: Climate Action (5 year moving average),SDG Goal 13 data availability.,SDG Goal 13 data availability.  Source: UN Global SDG Indicators Database,"Statistical Performance Indicators, The World Bank (https://datacatalog.worldbank.org/dataset/statistical-performance-indicators)",Statistical Performance,Annual,Fraction of Indicators in Goal 13 with value produced by countries statistical system,SDG Goal 13 data availability.  Source: UN Global SDG Indicators Database,https://datacatalog.worldbank.org/public-licenses#cc-by
SPI.D3.15.LAND,CC BY-4.0,GOAL 15: Life on Land (5 year moving average),SDG Goal 15 data availability.,SDG Goal 15 data availability.  Source: UN Global SDG Indicators Database,"Statistical Performance Indicators, The World Bank (https://datacatalog.worldbank.org/dataset/statistical-performance-indicators)",Statistical Performance,Annual,Fraction of Indicators in Goal 15 with value produced by countries statistical system,SDG Goal 15 data availability.  Source: UN Global SDG Indicators Database,https://datacatalog.worldbank.org/public-licenses#cc-by
SPI.D3.16.INST,CC BY-4.0,GOAL 16: Peace and Justice Strong Institutions (5 year moving average),SDG Goal 16 data availability.,SDG Goal 16 data availability.  Source: UN Global SDG Indicators Database,"Statistical Performance Indicators, The World Bank (https://datacatalog.worldbank.org/dataset/statistical-performance-indicators)",Statistical Performance,Annual,Fraction of Indicators in Goal 16 with value produced by countries statistical system,SDG Goal 16 data availability.  Source: UN Global SDG Indicators Database,https://datacatalog.worldbank.org/public-licenses#cc-by
SPI.D3.17.PTNS,CC BY-4.0,GOAL 17: Partnerships to achieve the Goal (5 year moving average),SDG Goal 17 data availability.,SDG Goal 17 data availability.  Source: UN Global SDG Indicators Database,"Statistical Performance Indicators, The World Bank (https://datacatalog.worldbank.org/dataset/statistical-performance-indicators)",Statistical Performance,Annual,Fraction of Indicators in Goal 17 with value produced by countries statistical system,SDG Goal 17 data availability.  Source: UN Global SDG Indicators Database,https://datacatalog.worldbank.org/public-licenses#cc-by
SPI.D3.2.HNGR,CC BY-4.0,GOAL 2: Zero Hunger (5 year moving average),SDG Goal 2 data availability.,SDG Goal 2 data availability.  Source: UN Global SDG Indicators Database,"Statistical Performance Indicators, The World Bank (https://datacatalog.worldbank.org/dataset/statistical-performance-indicators)",Statistical Performance,Annual,Fraction of Indicators in Goal 2 with value produced by countries statistical system,SDG Goal 2 data availability.  Source: UN Global SDG Indicators Database,https://datacatalog.worldbank.org/public-licenses#cc-by
SPI.D3.3.HLTH,CC BY-4.0,GOAL 3: Good Health and Well-being (5 year moving average),SDG Goal 3 data availability.,SDG Goal 3 data availability.  Source: UN Global SDG Indicators Database,"Statistical Performance Indicators, The World Bank (https://datacatalog.worldbank.org/dataset/statistical-performance-indicators)",Statistical Performance,Annual,Fraction of Indicators in Goal 3 with value produced by countries statistical system,SDG Goal 3 data availability.  Source: UN Global SDG Indicators Database,https://datacatalog.worldbank.org/public-licenses#cc-by
SPI.D3.4.EDUC,CC BY-4.0,GOAL 4: Quality Education (5 year moving average),SDG Goal 4 data availability.,SDG Goal 4 data availability.  Source: UN Global SDG Indicators Database,"Statistical Performance Indicators, The World Bank (https://datacatalog.worldbank.org/dataset/statistical-performance-indicators)",Statistical Performance,Annual,Fraction of Indicators in Goal 4 with value produced by countries statistical system,SDG Goal 4 data availability.  Source: UN Global SDG Indicators Database,https://datacatalog.worldbank.org/public-licenses#cc-by
SPI.D3.5.GEND,CC BY-4.0,GOAL 5: Gender Equality (5 year moving average),SDG Goal 5 data availability.,SDG Goal 5 data availability.  Source: UN Global SDG Indicators Database,"Statistical Performance Indicators, The World Bank (https://datacatalog.worldbank.org/dataset/statistical-performance-indicators)",Statistical Performance,Annual,Fraction of Indicators in Goal 5 with value produced by countries statistical system,SDG Goal 5 data availability.  Source: UN Global SDG Indicators Database,https://datacatalog.worldbank.org/public-licenses#cc-by
SPI.D3.6.WTRS,CC BY-4.0,GOAL 6: Clean Water and Sanitation (5 year moving average),SDG Goal 6 data availability.,SDG Goal 6 data availability.  Source: UN Global SDG Indicators Database,"Statistical Performance Indicators, The World Bank (https://datacatalog.worldbank.org/dataset/statistical-performance-indicators)",Statistical Performance,Annual,Fraction of Indicators in Goal 6 with value produced by countries statistical system,SDG Goal 6 data availability.  Source: UN Global SDG Indicators Database,https://datacatalog.worldbank.org/public-licenses#cc-by
SPI.D3.7.ENRG,CC BY-4.0,GOAL 7: Affordable and Clean Energy (5 year moving average),SDG Goal 7 data availability.,SDG Goal 7 data availability.  Source: UN Global SDG Indicators Database,"Statistical Performance Indicators, The World Bank (https://datacatalog.worldbank.org/dataset/statistical-performance-indicators)",Statistical Performance,Annual,Fraction of Indicators in Goal 7 with value produced by countries statistical system,SDG Goal 7 data availability.  Source: UN Global SDG Indicators Database,https://datacatalog.worldbank.org/public-licenses#cc-by
SPI.D3.8.WORK,CC BY-4.0,GOAL 8: Decent Work and Economic Growth (5 year moving average),SDG Goal 8 data availability.,SDG Goal 8 data availability.  Source: UN Global SDG Indicators Database,"Statistical Performance Indicators, The World Bank (https://datacatalog.worldbank.org/dataset/statistical-performance-indicators)",Statistical Performance,Annual,Fraction of Indicators in Goal 8 with value produced by countries statistical system,SDG Goal 8 data availability.  Source: UN Global SDG Indicators Database,https://datacatalog.worldbank.org/public-licenses#cc-by
SPI.D3.9.INDY,CC BY-4.0,"GOAL 9: Industry, Innovation and Infrastructure (5 year moving average)",SDG Goal 9 data availability.,SDG Goal 9 data availability.  Source: UN Global SDG Indicators Database,"Statistical Performance Indicators, The World Bank (https://datacatalog.worldbank.org/dataset/statistical-performance-indicators)",Statistical Performance,Annual,Fraction of Indicators in Goal 9 with value produced by countries statistical system,SDG Goal 9 data availability.  Source: UN Global SDG Indicators Database,https://datacatalog.worldbank.org/public-licenses#cc-by
SPI.D4.1.7.HLTH,CC BY-4.0,Health/Demographic survey (Availability score over 10 years),"Health surveys collect information on various aspects of health of populations, such as health expenditure, access, utilization, and outcomes.","Health surveys collect information on various aspects of health of populations, such as health expenditure, access, utilization, and outcomes.  They typically include Demographic and Health Surveys.  It is recommended that health surveys be conducted at least every 3 to 5 years.","Statistical Performance Indicators, The World Bank (https://datacatalog.worldbank.org/dataset/statistical-performance-indicators)",Statistical Performance,Annual,1 Point. 3 or more surveys done within past 10 years. 0.6 Points. 2 surveys done within past 10 years. 0.3 Points. 1 survey done within past 10 years. 0 Points. None within past 10 years,"Health surveys collect information on various aspects of health of populations, such as health expenditure, access, utilization, and outcomes.  They typically include Demographic and Health Surveys.  It is recommended that health surveys be conducted at least every 3 to 5 years.",https://datacatalog.worldbank.org/public-licenses#cc-by
SPI.D4.1.4.HOUS,CC BY-4.0,"Household Survey on income, etc  (Availability score over 10 years)","These surveys collect data on household income (including income in kind), consumption and expenditure.","These surveys collect data on household income (including income in kind), consumption and expenditure.  They typically include income, expenditure, and consumption surveys, household budget surveys, integrated surveys.  It is recommended that surveys on income and expenditure be conducted at least every 3 to 5 years.","Statistical Performance Indicators, The World Bank (https://datacatalog.worldbank.org/dataset/statistical-performance-indicators)",Statistical Performance,Annual,1 Point. 3 or more surveys done within past 10 years. 0.6 Points. 2 surveys done within past 10 years. 0.3 Points. 1 survey done within past 10 years. 0 Points. None within past 10 years,"These surveys collect data on household income (including income in kind), consumption and expenditure.  They typically include income, expenditure, and consumption surveys, household budget surveys, integrated surveys.  It is recommended that surveys on income and expenditure be conducted at least every 3 to 5 years.",https://datacatalog.worldbank.org/public-licenses#cc-by
SPI.D1.5.LFP,CC BY-4.0,Labor force participation rate by sex and age (%),Labor force participation data for use by ILO,Labor force participation data for use by ILO,"Statistical Performance Indicators, The World Bank (https://datacatalog.worldbank.org/dataset/statistical-performance-indicators)",Statistical Performance,Annual,"1 Point. Country has a labor force survey based estimate in past 5 years of labor force participation broken down by total, male, and female & estimated value from ILO is within 10 percentage points of value reported by national government. 
 
 0.5 Point. Country has labor force survey or is within 10 points of ILO, but not both 
 
 0 Points. Otherwise",Labor force participation data for use by ILO,https://datacatalog.worldbank.org/public-licenses#cc-by
SPI.D4.1.6.LABR,CC BY-4.0,Labor Force Survey (Availability score over 10 years),"Labor force survey is a standard household-based survey of work-related statistics at the national and sub-national employment or unemployment levels, rates or trends.","Labor force survey is a standard household-based survey of work-related statistics at the national and sub-national employment or unemployment levels, rates or trends.  The surveys also provide the characteristics of the employed or unemployed, including labor force status by age or gender, breakdowns between employees and the self-employed, public versus private sector employment, multiple job-holding, hiring, job creation, and duration of unemployment.","Statistical Performance Indicators, The World Bank (https://datacatalog.worldbank.org/dataset/statistical-performance-indicators)",Statistical Performance,Annual,1 Point. 3 or more surveys done within past 10 years. 0.6 Points. 2 surveys done within past 10 years. 0.3 Points. 1 survey done within past 10 years. 0 Points. None within past 10 years,"Labor force survey is a standard household-based survey of work-related statistics at the national and sub-national employment or unemployment levels, rates or trends.  The surveys also provide the characteristics of the employed or unemployed, including labor force status by age or gender, breakdowns between employees and the self-employed, public versus private sector employment, multiple job-holding, hiring, job creation, and duration of unemployment.",https://datacatalog.worldbank.org/public-licenses#cc-by
SPI.D5.1.DILG,CC BY-4.0,Legislation Indicator based on PARIS21 indicators on SDG 17.18.2,"Based on PARIS21 indicators on SDG 17.18.2 (national statistical legislation compliance with UN Fundamental Principles of Official Statistics), existence of National Statistical Council, national statistical strategy generation, national statistical plan.","Based on PARIS21 indicators on SDG 17.18.2 (national statistical legislation compliance with UN Fundamental Principles of Official Statistics), existence of National Statistical Council, national statistical strategy generation, national statistical plan. Also include some other legislative aspects that foster good use of statistics eg freedom of information, privacy/transparency, good governance (eg free and fair elections).","Statistical Performance Indicators, The World Bank (https://datacatalog.worldbank.org/dataset/statistical-performance-indicators)",Statistical Performance,Annual,Scores is 1 if the country has a national statistical legislation compliant with United Nations Fundamental Principles of Statistics. Scores of 0 or scores with missing values are treated the same (both given a score of zero).,"Based on PARIS21 indicators on SDG 17.18.2 (national statistical legislation compliance with UN Fundamental Principles of Official Statistics), existence of National Statistical Council, national statistical strategy generation, national statistical plan. Also include some other legislative aspects that foster good use of statistics eg freedom of information, privacy/transparency, good governance (eg free and fair elections).",https://datacatalog.worldbank.org/public-licenses#cc-by
SPI.D2.4.NADA,CC BY-4.0,NADA metadata,NADA/NSO websites.,NADA/NSO websites.  Statistical systems must be open and transparent about their methods and procedures and provide access to adequate metadata – detailed descriptions of the methods and procedures used to produce the data.,"Statistical Performance Indicators, The World Bank (https://datacatalog.worldbank.org/dataset/statistical-performance-indicators)",Statistical Performance,Annual,"1 Point. Yes, available. 0 Points. No",NADA/NSO websites.  Statistical systems must be open and transparent about their methods and procedures and provide access to adequate metadata – detailed descriptions of the methods and procedures used to produce the data.,https://datacatalog.worldbank.org/public-licenses#cc-by
SPI.D5.2.2.NABY,CC BY-4.0,National Accounts base year,National accounts base year is the year used as the base period for constant price calculations in the country’s national accounts.,National accounts base year is the year used as the base period for constant price calculations in the country’s national accounts.  It is recommended that the base year of constant price estimates be changed periodically to reflect changes in economic structure and relative prices.,"Statistical Performance Indicators, The World Bank (https://datacatalog.worldbank.org/dataset/statistical-performance-indicators)",Statistical Performance,Annual,"1 point for chained price, 0.5 for reference period within past 10 years. 0 points otherwise.",National accounts base year is the year used as the base period for constant price calculations in the country’s national accounts.  It is recommended that the base year of constant price estimates be changed periodically to reflect changes in economic structure and relative prices.,https://datacatalog.worldbank.org/public-licenses#cc-by
SPI.D2.2.Openness.subscore,CC BY-4.0,ODIN Open Data Openness score,ODW Openness score,ODW Openness score,"Statistical Performance Indicators, The World Bank (https://datacatalog.worldbank.org/dataset/statistical-performance-indicators)",Statistical Performance,Annual,"Our source for this indicator is Open Data Watch.  Scores range from 0-100.  For more details, consult the ODIN technical documentation.",ODW Openness score,https://datacatalog.worldbank.org/public-licenses#cc-by
SPI.INDEX.PIL1,CC BY-4.0,Pillar 1  - Data Use - Score,Indicators that capture demand side of statistical system,Indicators that capture demand side of statistical system,"Statistical Performance Indicators, The World Bank (https://datacatalog.worldbank.org/dataset/statistical-performance-indicators)",Statistical Performance,Annual,Weighted average of statistical performance indicators related to data use.  Scores range from 0-100 with 100 representing the best score.,Indicators that capture demand side of statistical system,https://datacatalog.worldbank.org/public-licenses#cc-by
SPI.INDEX.PIL2,CC BY-4.0,Pillar 2 - Data Services - Score,"Information on data releases, online access, and other data services","Information on data releases, online access, and other data services","Statistical Performance Indicators, The World Bank (https://datacatalog.worldbank.org/dataset/statistical-performance-indicators)",Statistical Performance,Annual,Weighted average of statistical performance indicators related to data services.  Scores range from 0-100 with 100 representing the best score.,"Information on data releases, online access, and other data services",https://datacatalog.worldbank.org/public-licenses#cc-by
SPI.INDEX.PIL3,CC BY-4.0,Pillar 3 - Data Products - Score,"Whether the country is able to produce relevant indicators, primarily related to SDGs","Whether the country is able to produce relevant indicators, primarily related to SDGs","Statistical Performance Indicators, The World Bank (https://datacatalog.worldbank.org/dataset/statistical-performance-indicators)",Statistical Performance,Annual,Weighted average of statistical performance indicators related to data products.  Scores range from 0-100 with 100 representing the best score.,"Whether the country is able to produce relevant indicators, primarily related to SDGs",https://datacatalog.worldbank.org/public-licenses#cc-by
SPI.INDEX.PIL4,CC BY-4.0,Pillar 4 - Data Sources - Score,"Censuses and surveys, admin data, geospatial","Censuses and surveys, admin data, geospatial","Statistical Performance Indicators, The World Bank (https://datacatalog.worldbank.org/dataset/statistical-performance-indicators)",Statistical Performance,Annual,Weighted average of statistical performance indicators related to data sources.  Scores range from 0-100 with 100 representing the best score.,"Censuses and surveys, admin data, geospatial",https://datacatalog.worldbank.org/public-licenses#cc-by
SPI.INDEX.PIL5,CC BY-4.0,Pillar 5 - Data Infrastructure - Score,Standards and methodology used in classification,Standards and methodology used in classification,"Statistical Performance Indicators, The World Bank (https://datacatalog.worldbank.org/dataset/statistical-performance-indicators)",Statistical Performance,Annual,Weighted average of statistical performance indicators related to data infrastructure.  Scores range from 0-100 with 100 representing the best score.,Standards and methodology used in classification,https://datacatalog.worldbank.org/public-licenses#cc-by
SPI.D4.1.1.POPU,CC BY-4.0,Population & Housing census (Availability score over 20 years),"Population censuses collect data on the size, distribution and composition of population and information on a broad range of social and economic characteristics of the population.","Population censuses collect data on the size, distribution and composition of population and information on a broad range of social and economic characteristics of the population.  It also provides sampling frames for household and other surveys.  Housing censuses provide information on the supply of housing units, the structural characteristics and facilities, and health and the development of normal family living conditions.  Data obtained as part of the population census, including data on homeless persons, are often used in the presentation and analysis of the results of the housing census.  It is recommended that population and housing censuses be conducted at least every 10 years.","Statistical Performance Indicators, The World Bank (https://datacatalog.worldbank.org/dataset/statistical-performance-indicators)",Statistical Performance,Annual,1 Point. Population census done within last 10 years. 0.5 Points. Population census done within last 20 years. 0 Points. Otherwise,"Population censuses collect data on the size, distribution and composition of population and information on a broad range of social and economic characteristics of the population.  It also provides sampling frames for household and other surveys.  Housing censuses provide information on the supply of housing units, the structural characteristics and facilities, and health and the development of normal family living conditions.  Data obtained as part of the population census, including data on homeless persons, are often used in the presentation and analysis of the results of the housing census.  It is recommended that population and housing censuses be conducted at least every 10 years.",https://datacatalog.worldbank.org/public-licenses#cc-by
SPI.D1.5.DT.TDS.DPPF.XP.ZS,CC BY-4.0,Quality of Debt service data according to World Bank,Debt Reporting Metadata from World Bank,Debt Reporting Metadata from World Bank,"Statistical Performance Indicators, The World Bank (https://datacatalog.worldbank.org/dataset/statistical-performance-indicators)",Statistical Performance,Annual,1 Points. Actual value. 0.67 Points. Preliminary value 0.33 Points. Estimated value. 0 Points. No value,Debt Reporting Metadata from World Bank,https://datacatalog.worldbank.org/public-licenses#cc-by
SPI.D1.5.SAFE.MAN.WATER,CC BY-4.0,Safely Managed Drinking Water,Availability of Safely Managed Drinking Water data for use by JMP,Availability of Safely Managed Drinking Water data for use by JMP,"Statistical Performance Indicators, The World Bank (https://datacatalog.worldbank.org/dataset/statistical-performance-indicators)",Statistical Performance,Annual,"1 Point. At least two estimates, with breakdowns for urban/rural areas, within an 8 year window 
 
  0.5 Points. At least two estimates, but not an urban/rural breakdown, within an 8 year window 
 
  0 Points. Otherwise",Availability of Safely Managed Drinking Water data for use by JMP,https://datacatalog.worldbank.org/public-licenses#cc-by
SPI.D2.1.GDDS,CC BY-4.0,SDDS/e-GDDS subscription,"The Special Data Dissemination Standard (SDDS) and electronic General Data Dissemination Standard (e-GDDS) were established by the International Monetary Fund (IMF) for member countries that have or that might seek access to international capital markets, to guide them in providing their economic and financial data to the public.","The Special Data Dissemination Standard (SDDS) and electronic General Data Dissemination Standard (e-GDDS) were established by the International Monetary Fund (IMF) for member countries that have or that might seek access to international capital markets, to guide them in providing their economic and financial data to the public.  Although subscription is voluntary, the subscribing member needs to be committed to observing the standard and provide information about its data and data dissemination practices (metadata).  The metadata are posted on the IMF’s SDDS and e-GDDS websites.","Statistical Performance Indicators, The World Bank (https://datacatalog.worldbank.org/dataset/statistical-performance-indicators)",Statistical Performance,Annual,Point. Subscribing to IMF SDDS+ or SDDS standards 0.5 Points. Subscribing to IMF e-GDDS standards. 0 Points. Otherwise,"The Special Data Dissemination Standard (SDDS) and electronic General Data Dissemination Standard (e-GDDS) were established by the International Monetary Fund (IMF) for member countries that have or that might seek access to international capital markets, to guide them in providing their economic and financial data to the public.  Although subscription is voluntary, the subscribing member needs to be committed to observing the standard and provide information about its data and data dissemination practices (metadata).  The metadata are posted on the IMF’s SDDS and e-GDDS websites.",https://datacatalog.worldbank.org/public-licenses#cc-by
SPI.INDEX,CC BY-4.0,SPI Overall Score,Overall Statistical Performance Indicators Index Score,Overall Statistical Performance Indicators Index Score,"Statistical Performance Indicators, The World Bank (https://datacatalog.worldbank.org/dataset/statistical-performance-indicators)",Statistical Performance,Annual,Weighted average of all statistical performance indicators.  Scores range from 0-100 with 100 representing the best score.,Overall Statistical Performance Indicators Index Score,https://datacatalog.worldbank.org/public-licenses#cc-by
SPI.D5.2.1.SNAU,CC BY-4.0,System of national accounts in use,"The national accounts data are compiled using the concepts, definitions, framework, and methodology of the System of National Account 2008 (SNA2008) or European System of National and Regional Accounts (ESA 2010).","The national accounts data are compiled using the concepts, definitions, framework, and methodology of the System of National Account 2008 (SNA2008) or European System of National and Regional Accounts (ESA 2010).  The manual has evolved to meet the changing economic structure, to follow systematic accounting and ensure international compatibility.","Statistical Performance Indicators, The World Bank (https://datacatalog.worldbank.org/dataset/statistical-performance-indicators)",Statistical Performance,Annual,"Scoring: 1 point for using SNA2008 or ESA 2010, 0.5 points for using SNA 1993 or ESA 1995. 0 points otherwise","The national accounts data are compiled using the concepts, definitions, framework, and methodology of the System of National Account 2008 (SNA2008) or European System of National and Regional Accounts (ESA 2010).  The manual has evolved to meet the changing economic structure, to follow systematic accounting and ensure international compatibility.",https://datacatalog.worldbank.org/public-licenses#cc-by