Feature,# NaN,% NaN,% Zero,Dtype,# Count,# Unique,# Dupes,Min,Max,Spread,Mean,Median,Std Dev,Kurtosis (3),Skew (0)
Access to electricity (% of population),0,0.0,0.0,float64,2886,700,386,2.7,100.0,97.3,80.585,98.7,28.841,0.202,-1.298
"Access to electricity, urban (% of urban population)",0,0.0,0.0,float64,2886,514,281,11.8,100.0,88.2,90.73,99.5,16.733,3.449,-2.048
Adjusted savings: mineral depletion (current US$),0,0.0,34.2,float64,2886,1897,4,0.0,130194187918.969,130194187918.969,890254918.87,7692416.605,4600322368.372,305.933,14.555
"Adolescent fertility rate (births per 1,000 women ages 15-19)",0,0.0,0.0,float64,2886,2844,41,0.539,204.311,203.77200000000002,51.759,39.96,42.698,0.095,0.903
Age dependency ratio (% of working-age population),0,0.0,0.0,float64,2886,2886,0,17.355,110.088,92.73299999999999,60.169,54.43,17.917,-0.314,0.685
"Age dependency ratio, old (% of working-age population)",0,0.0,0.0,float64,2886,2886,0,1.094,49.744,48.65,12.703,8.856,8.748,0.094,1.037
"Age dependency ratio, young (% of working-age population)",0,0.0,0.0,float64,2886,2886,0,15.9,105.216,89.31599999999999,47.466,42.079,22.994,-0.885,0.598
Agricultural land (sq. km),0,0.0,0.0,float64,2886,2248,221,6.6,5282176.0,5282169.4,281369.283,47562.5,693052.055,24.369,4.625
Agriculture census (Availability score over 20 years),0,0.0,25.953,float64,2886,3,3,0.0,1.0,1.0,0.698,1.0,0.436,-1.128,-0.861
Agriculture survey (Availability score over 10 years),0,0.0,54.123,float64,2886,4,4,0.0,1.0,1.0,0.356,0.0,0.434,-1.408,0.622
Arable land (hectares per person),0,0.0,0.0,float64,2886,2886,0,0.0,1.797,1.797,0.225,0.155,0.241,10.382,2.751
Availability of Comparable Poverty headcount ratio at $1.90 a day (5 year moving average),0,0.0,31.809,float64,2886,3,3,0.0,1.0,1.0,0.603,1.0,0.447,-1.623,-0.414
"Availability of Mortality rate, under-5 (per 1,000 live births) data meeting quality standards according to UN IGME  (5 year moving average)",0,0.0,5.405,float64,2886,2,2,0.0,1.0,1.0,0.946,1.0,0.226,13.583,-3.946
"Birth rate, crude (per 1,000 people)",0,0.0,0.0,float64,2886,2120,155,5.1,51.058,45.958,21.502,19.2,10.694,-0.696,0.647
Business/establishment census (Availability score over 20 years),0,0.0,85.655,float64,2886,3,3,0.0,1.0,1.0,0.139,0.0,0.343,2.383,2.084
Business/establishment survey (Availability score over 10 years),0,0.0,48.233,float64,2886,4,4,0.0,1.0,1.0,0.433,0.33,0.46,-1.778,0.288
CRVS (WDI),0,0.0,75.884,float64,2886,3,3,0.0,1.0,1.0,0.229,0.0,0.413,-0.294,1.287
Capture fisheries production (metric tons),0,0.0,0.728,float64,2886,2700,56,0.0,16647934.68,16647934.68,541977.223,61239.35,1566857.206,48.329,6.173
"Contributing family workers, female (% of female employment) (modeled ILO estimate)",0,0.0,0.0,float64,2886,2886,0,0.001,87.384,87.383,13.938,5.871,17.174,1.912,1.54
"Contributing family workers, male (% of male employment) (modeled ILO estimate)",0,0.0,0.0,float64,2886,2886,0,0.001,54.172,54.171,6.572,3.17,8.451,4.326,1.952
"Contributing family workers, total (% of total employment) (modeled ILO estimate)",0,0.0,0.0,float64,2886,2886,0,0.001,62.794,62.793,9.423,4.397,11.594,2.303,1.62
Control of Corruption: Estimate,0,0.0,0.0,float64,2886,2886,0,-1.696,2.459,4.155,-0.046,-0.315,0.986,-0.328,0.763
Control of Corruption: Number of Sources,0,0.0,0.0,float64,2886,16,16,1.0,16.0,15.0,10.309,11.0,3.093,-0.188,-0.555
Control of Corruption: Percentile Rank,0,0.0,0.0,float64,2886,1231,647,0.474,100.0,99.526,48.354,46.117,28.307,-1.092,0.214
"Control of Corruption: Percentile Rank, Lower Bound of 90% Confidence Interval",0,0.0,3.673,float64,2886,854,543,0.0,97.63,97.63,39.673,32.857,29.534,-1.045,0.439
"Control of Corruption: Percentile Rank, Upper Bound of 90% Confidence Interval",0,0.0,0.0,float64,2886,816,545,3.333,100.0,96.667,56.358,55.263,26.076,-1.029,0.039
Control of Corruption: Standard Error,0,0.0,0.0,float64,2886,1976,434,0.114,0.394,0.28,0.165,0.155,0.04,5.682,2.172
DEC alternative conversion factor (LCU per US$),0,0.0,0.0,float64,2886,2082,106,0.214,155581.72,155581.506,729.824,9.757,4190.428,710.417,22.122
"Death rate, crude (per 1,000 people)",0,0.0,0.0,float64,2886,1948,319,0.795,21.7,20.904999999999998,8.116,7.519,3.094,0.713,0.686
Dimension 1.5: Data use by international organizations,0,0.0,0.693,float64,2886,21,20,0.0,1.0,1.0,0.552,0.5,0.266,-1.04,0.31
Dimension 3.1: Social Statistics,0,0.0,0.0,float64,2886,1561,708,0.162,0.983,0.821,0.609,0.612,0.123,-0.039,-0.236
Dimension 3.2: Economic Statistics,0,0.0,0.0,float64,2886,1284,641,0.189,1.0,0.8109999999999999,0.538,0.526,0.133,0.141,0.612
Dimension 3.4: Institutional Statistics,0,0.0,0.069,float64,2886,283,213,0.0,1.0,1.0,0.579,0.578,0.143,-0.062,-0.035
Dimension 4.1: Censuses and Surveys - Censuses only,0,0.0,2.114,float64,2886,7,7,0.0,1.0,1.0,0.588,0.667,0.213,0.254,-0.298
Dimension 4.1: Censuses and Surveys - Surveys only,0,0.0,0.381,float64,2886,32,31,0.0,1.0,1.0,0.595,0.6,0.255,-1.009,-0.152
Dimension 4.2: Administrative Data,0,0.0,75.884,float64,2886,3,3,0.0,1.0,1.0,0.229,0.0,0.413,-0.294,1.287
"Employers, female (% of female employment) (modeled ILO estimate)",0,0.0,0.0,float64,2886,2886,0,0.028,17.389,17.361,2.201,1.764,2.3,17.094,3.572
"Employers, male (% of male employment) (modeled ILO estimate)",0,0.0,0.0,float64,2886,2886,0,0.09,26.382,26.292,4.747,4.276,3.659,8.835,2.322
"Employers, total (% of total employment) (modeled ILO estimate)",0,0.0,0.0,float64,2886,2886,0,0.069,21.198,21.129,3.747,3.358,3.038,8.209,2.375
Employment in agriculture (% of total employment) (modeled ILO estimate),0,0.0,0.0,float64,2886,2886,0,0.124,90.784,90.66000000000001,25.819,18.683,22.143,-0.433,0.763
"Employment in agriculture, female (% of female employment) (modeled ILO estimate)",0,0.0,0.0,float64,2886,2886,0,0.01,96.214,96.204,25.168,14.791,25.561,-0.579,0.84
"Employment in agriculture, male (% of male employment) (modeled ILO estimate)",0,0.0,0.0,float64,2886,2886,0,0.125,84.925,84.8,26.403,21.751,20.921,-0.515,0.672
Employment in industry (% of total employment) (modeled ILO estimate),0,0.0,0.0,float64,2886,2886,0,2.47,54.555,52.085,20.12,20.199,7.845,0.36,0.198
"Employment in industry, female (% of female employment) (modeled ILO estimate)",0,0.0,0.0,float64,2886,2886,0,0.454,56.523,56.069,12.258,10.569,7.184,2.883,1.225
"Employment in industry, male (% of male employment) (modeled ILO estimate)",0,0.0,0.0,float64,2886,2886,0,4.221,62.219,57.998000000000005,25.474,25.962,9.863,-0.121,0.093
Employment in services (% of total employment) (modeled ILO estimate),0,0.0,0.0,float64,2886,2886,0,6.747,93.379,86.632,54.061,56.131,17.668,-0.691,-0.354
"Employment in services, female (% of female employment) (modeled ILO estimate)",0,0.0,0.0,float64,2886,2886,0,3.03,98.305,95.275,62.575,68.596,24.553,-0.916,-0.523
"Employment in services, male (% of male employment) (modeled ILO estimate)",0,0.0,0.0,float64,2886,2886,0,10.756,92.022,81.266,48.123,48.218,14.345,-0.378,-0.153
"Employment to population ratio, 15+, female (%) (modeled ILO estimate)",0,0.0,0.0,float64,2886,2805,80,3.584,84.332,80.74799999999999,46.542,47.688,15.223,0.136,-0.262
"Employment to population ratio, 15+, male (%) (modeled ILO estimate)",0,0.0,0.0,float64,2886,2770,113,22.001,95.814,73.81299999999999,66.509,66.207,10.557,0.619,-0.233
"Employment to population ratio, 15+, total (%) (modeled ILO estimate)",0,0.0,0.0,float64,2886,2777,106,20.355,87.407,67.05199999999999,56.648,56.883,11.359,0.188,0.016
"Employment to population ratio, ages 15-24, female (%) (modeled ILO estimate)",0,0.0,0.0,float64,2886,2813,70,1.604,78.339,76.735,31.404,28.268,16.213,-0.102,0.646
"Employment to population ratio, ages 15-24, male (%) (modeled ILO estimate)",0,0.0,0.0,float64,2886,2802,81,3.017,81.601,78.584,42.018,41.082,14.841,-0.46,0.266
"Employment to population ratio, ages 15-24, total (%) (modeled ILO estimate)",0,0.0,0.0,float64,2886,2806,79,2.314,78.33,76.01599999999999,36.882,35.462,14.516,-0.178,0.523
"Fertility rate, total (births per woman)",0,0.0,0.0,float64,2886,1784,441,0.808,7.634,6.8260000000000005,2.817,2.308,1.444,0.102,1.036
Forest rents (% of GDP),0,0.0,1.247,float64,2886,2851,1,0.0,32.658,32.658,1.715,0.263,3.593,16.62,3.647
GDP (constant LCU),0,0.0,0.0,float64,2886,2885,1,822225254.503,1.48063608230922e+16,1.4806360000866946e+16,174030760385206.03,833776442850.0,1221085363445948.2,88.584,9.161
GDP (current LCU),0,0.0,0.0,float64,2886,2886,0,453792400.0,4.07913768579528e+16,4.07913764041604e+16,177382671632501.94,869845488750.0,1472143338790731.0,293.684,14.871
GDP (current US$),0,0.0,0.0,float64,2886,2886,0,188021165.003,21539982000000.0,21539793978834.996,428789889063.024,38956241670.156,1629122610062.071,81.6,8.355
GDP deflator (base year varies by country),0,0.0,0.0,float64,2886,2759,1,6.944,20260.564,20253.62,154.709,98.725,516.869,850.344,24.873
GDP deflator: linked series (base year varies by country),0,0.0,0.0,float64,2886,2759,1,6.944,20260.564,20253.62,154.962,98.725,516.819,850.624,24.879
GDP per capita (constant LCU),0,0.0,0.0,float64,2886,2886,0,391.129,174137669.928,174137278.799,2471384.179,59868.668,13479832.508,118.827,10.365
GDP per capita (current LCU),0,0.0,0.0,float64,2886,2886,0,365.314,464999724.851,464999359.537,2404621.473,60457.386,14893245.941,441.413,18.047
GDP per capita (current US$),0,0.0,0.0,float64,2886,2886,0,125.195,133711.794,133586.599,13548.327,4896.113,19455.448,6.074,2.301
GDP: linked series (current LCU),0,0.0,0.0,float64,2886,2886,0,453792400.0,4.07913768579528e+16,4.07913764041604e+16,178704906279372.4,869845488750.0,1474238152405033.2,291.98,14.814
GOAL 10: Reduced Inequality (5 year moving average),0,0.0,0.381,float64,2886,20,20,0.0,1.0,1.0,0.491,0.5,0.13,2.578,0.585
GOAL 11: Sustainable Cities and Communities (5 year moving average),0,0.0,26.403,float64,2886,18,18,0.0,1.0,1.0,0.45,0.5,0.328,-1.215,-0.129
GOAL 12: Responsible Consumption and Production (5 year moving average),0,0.0,8.801,float64,2886,9,8,0.0,1.0,1.0,0.511,0.5,0.249,0.076,-0.03
GOAL 15: Life on Land (5 year moving average),0,0.0,0.0,float64,2886,21,19,0.333,1.0,0.667,0.899,0.889,0.135,2.288,-1.642
GOAL 16: Peace and Justice Strong Institutions (5 year moving average),0,0.0,2.841,float64,2886,22,22,0.0,1.0,1.0,0.537,0.556,0.189,0.674,-0.291
GOAL 17: Partnerships to achieve the Goal (5 year moving average),0,0.0,0.139,float64,2886,57,53,0.0,1.0,1.0,0.621,0.636,0.194,-0.577,-0.468
GOAL 1: No Poverty (5 year moving average),0,0.0,2.114,float64,2886,15,15,0.0,1.0,1.0,0.665,0.667,0.268,-0.572,-0.463
GOAL 2: Zero Hunger (5 year moving average),0,0.0,0.139,float64,2886,35,35,0.0,1.0,1.0,0.641,0.667,0.198,-0.291,-0.432
GOAL 3: Good Health and Well-being (5 year moving average),0,0.0,0.0,float64,2886,63,58,0.312,1.0,0.688,0.763,0.762,0.11,0.045,-0.264
GOAL 4: Quality Education (5 year moving average),0,0.0,3.326,float64,2886,31,31,0.0,1.0,1.0,0.435,0.444,0.183,0.684,0.056
GOAL 5: Gender Equality (5 year moving average),0,0.0,0.901,float64,2886,21,21,0.0,1.0,1.0,0.359,0.333,0.166,0.787,0.758
GOAL 6: Clean Water and Sanitation (5 year moving average),0,0.0,0.0,float64,2886,13,13,0.2,1.0,0.8,0.794,0.8,0.171,0.173,-0.538
GOAL 7: Affordable and Clean Energy (5 year moving average),0,0.0,0.0,float64,2886,11,10,0.6,1.0,0.4,0.827,0.8,0.106,0.017,-0.517
GOAL 8: Decent Work and Economic Growth (5 year moving average),0,0.0,0.0,float64,2886,56,55,0.091,1.0,0.909,0.457,0.444,0.198,-0.535,0.37
"GOAL 9: Industry, Innovation and Infrastructure (5 year moving average)",0,0.0,0.035,float64,2886,31,26,0.0,1.0,1.0,0.494,0.5,0.211,-0.139,0.176
Government Effectiveness: Estimate,0,0.0,0.0,float64,2886,2879,7,-2.172,2.47,4.642,-0.003,-0.17,0.951,-0.614,0.464
Government Effectiveness: Number of Sources,0,0.0,0.0,float64,2886,12,12,1.0,12.0,11.0,7.764,8.0,2.221,0.143,-0.534
Government Effectiveness: Percentile Rank,0,0.0,0.0,float64,2886,1397,663,0.948,100.0,99.052,49.702,48.571,27.856,-1.112,0.117
"Government Effectiveness: Percentile Rank, Lower Bound of 90% Confidence Interval",0,0.0,1.421,float64,2886,939,624,0.0,99.048,99.048,38.83,34.762,28.552,-1.111,0.404
"Government Effectiveness: Percentile Rank, Upper Bound of 90% Confidence Interval",0,0.0,0.0,float64,2886,922,571,1.429,100.0,98.571,59.912,60.697,25.701,-0.918,-0.133
Government Effectiveness: Standard Error,0,0.0,0.0,float64,2886,1258,500,0.162,0.469,0.30699999999999994,0.22,0.211,0.041,7.493,2.321
Health/Demographic survey (Availability score over 10 years),0,0.0,8.628,float64,2886,4,4,0.0,1.0,1.0,0.693,0.67,0.329,-0.688,-0.704
"Household Survey on income, etc  (Availability score over 10 years)",0,0.0,3.326,float64,2886,4,4,0.0,1.0,1.0,0.842,1.0,0.276,1.376,-1.596
"Immunization, DPT (% of children ages 12-23 months)",0,0.0,0.0,float64,2886,67,64,19.0,99.0,80.0,88.622,93.0,12.226,4.171,-1.934
"Immunization, measles (% of children ages 12-23 months)",0,0.0,0.0,float64,2886,67,64,21.0,99.0,78.0,87.414,93.0,13.129,2.596,-1.656
"Incidence of tuberculosis (per 100,000 people)",0,0.0,0.104,float64,2886,569,372,0.0,1590.0,1590.0,127.459,50.0,192.871,13.901,3.193
Labor Force Survey (Availability score over 10 years),0,0.0,23.874,float64,2886,4,4,0.0,1.0,1.0,0.652,1.0,0.426,-1.397,-0.61
Labor force participation rate by sex and age (%),0,0.0,39.674,float64,2886,3,3,0.0,1.0,1.0,0.542,0.5,0.467,-1.831,-0.167
"Labor force participation rate for ages 15-24, female (%) (modeled ILO estimate)",0,0.0,0.0,float64,2886,2794,86,4.238,83.468,79.23,37.562,34.707,15.827,-0.135,0.512
"Labor force participation rate for ages 15-24, male (%) (modeled ILO estimate)",0,0.0,0.0,float64,2886,2793,90,15.662,82.83,67.16799999999999,49.295,49.057,13.716,-0.53,0.109
"Labor force participation rate for ages 15-24, total (%) (modeled ILO estimate)",0,0.0,0.0,float64,2886,2793,90,13.156,83.028,69.872,43.613,41.959,13.549,-0.244,0.473
"Labor force participation rate, female (% of female population ages 15+) (modeled ILO estimate)",0,0.0,0.0,float64,2886,2792,94,5.155,87.119,81.964,50.705,52.479,14.957,0.326,-0.459
"Labor force participation rate, female (% of female population ages 15-64) (modeled ILO estimate)",0,0.0,0.0,float64,2886,2811,72,5.378,88.523,83.145,56.404,59.119,16.749,0.057,-0.739
"Labor force participation rate, male (% of male population ages 15+) (modeled ILO estimate)",0,0.0,0.0,float64,2886,2735,142,24.107,95.871,71.764,71.498,71.373,8.908,2.332,-0.534
"Labor force participation rate, male (% of male population ages 15-64) (modeled ILO estimate)",0,0.0,0.0,float64,2886,2724,154,24.179,96.481,72.30199999999999,76.362,77.63,8.666,4.777,-1.385
"Labor force participation rate, total (% of total population ages 15+) (modeled ILO estimate)",0,0.0,0.0,float64,2886,2756,125,23.644,88.349,64.70500000000001,61.208,61.427,10.206,0.558,-0.118
"Labor force participation rate, total (% of total population ages 15-64) (modeled ILO estimate)",0,0.0,0.0,float64,2886,2799,86,23.639,89.428,65.789,66.629,67.993,10.966,0.545,-0.678
"Labor force, female (% of total labor force)",0,0.0,0.0,float64,2886,2886,0,7.92,54.767,46.847,41.277,44.61,9.042,1.784,-1.526
"Labor force, total",0,0.0,0.0,float64,2886,2886,0,24236.0,781187865.0,781163629.0,19657166.267,4156864.5,73836163.747,75.138,8.308
"Life expectancy at birth, female (years)",0,0.0,0.0,float64,2886,2186,188,43.356,87.71,44.35399999999999,73.537,76.01,8.776,-0.104,-0.8
"Life expectancy at birth, male (years)",0,0.0,0.0,float64,2886,2214,237,40.689,82.1,41.410999999999994,68.354,69.243,8.144,-0.23,-0.527
"Life expectancy at birth, total (years)",0,0.0,0.0,float64,2886,2744,133,42.125,84.56,42.435,70.89,72.568,8.375,-0.143,-0.68
Merchandise exports (current US$),0,0.0,0.0,float64,2886,2673,154,7000000.0,3316022000000.0,3316015000000.0,94823559251.559,9937000000.0,245629653437.164,41.38,5.564
Merchandise imports (current US$),0,0.0,0.0,float64,2886,2760,116,83000000.0,2679412000000.0,2679329000000.0,95829368329.868,12159000000.0,256637438456.292,40.426,5.703
Merchandise trade (% of GDP),0,0.0,0.0,float64,2886,2886,0,11.147,343.488,332.341,65.021,56.206,35.78,8.239,2.112
Mineral rents (% of GDP),0,0.0,34.2,float64,2886,1900,1,0.0,28.813,28.813,0.997,0.033,2.613,28.042,4.627
"Mortality rate, infant (per 1,000 live births)",0,0.0,0.0,float64,2886,731,509,1.5,127.4,125.9,24.248,16.1,22.554,0.855,1.219
"Mortality rate, infant, female (per 1,000 live births)",0,0.0,0.0,float64,2886,683,480,1.4,120.0,118.6,21.875,14.3,20.472,1.045,1.259
"Mortality rate, infant, male (per 1,000 live births)",0,0.0,0.0,float64,2886,763,530,1.7,134.4,132.70000000000002,26.497,17.7,24.551,0.726,1.192
"Mortality rate, neonatal (per 1,000 live births)",0,0.0,0.0,float64,2886,423,372,0.8,53.5,52.7,14.07,10.2,11.68,-0.27,0.856
"Mortality rate, under-5 (per 1,000 live births)",0,0.0,0.0,float64,2886,922,517,2.0,202.3,200.3,33.272,18.6,35.399,1.896,1.541
"Mortality rate, under-5, female (per 1,000 live births)",0,0.0,0.0,float64,2886,875,490,1.8,193.5,191.7,30.653,16.6,33.25,2.19,1.605
"Mortality rate, under-5, male (per 1,000 live births)",0,0.0,0.0,float64,2886,950,530,2.2,210.7,208.5,35.758,20.4,37.471,1.671,1.49
Net migration,0,0.0,0.312,float64,2886,2792,62,-2290411.0,1889129.0,4179540.0,4024.817,-1976.0,223236.984,32.352,-0.075
Number of deaths ages 10-14 years,0,0.0,0.0,float64,2886,1440,362,1.0,122118.0,122117.0,2295.159,277.5,8313.757,105.859,9.362
Number of deaths ages 15-19 years,0,0.0,0.0,float64,2886,1730,444,4.0,182098.0,182094.0,3787.011,549.5,12563.631,105.096,9.248
Number of deaths ages 20-24 years,0,0.0,0.0,float64,2886,1868,440,7.0,221671.0,221664.0,4763.195,844.0,15984.478,105.818,9.394
Number of deaths ages 5-9 years,0,0.0,0.035,float64,2886,1473,364,0.0,189842.0,189842.0,3465.289,282.0,11991.624,94.943,8.587
Number of infant deaths,0,0.0,0.0,float64,2886,2275,337,8.0,1640312.0,1640304.0,28407.204,2438.0,106709.598,96.879,8.839
Number of neonatal deaths,0,0.0,0.0,float64,2886,2110,354,5.0,1098206.0,1098201.0,17417.788,1585.5,70001.228,109.685,9.503
Number of under-five deaths,0,0.0,0.0,float64,2886,2345,317,11.0,2179930.0,2179919.0,38373.596,3159.5,140800.106,90.632,8.522
Pillar 1  - Data Use - Score,0,0.0,0.693,float64,2886,21,20,0.0,100.0,100.0,55.218,50.0,26.635,-1.04,0.31
Political Stability and Absence of Violence/Terrorism: Estimate,0,0.0,0.0,float64,2886,2879,7,-2.826,1.62,4.446,-0.106,-0.045,0.922,-0.26,-0.486
Political Stability and Absence of Violence/Terrorism: Number of Sources,0,0.0,0.0,float64,2886,9,9,2.0,10.0,8.0,6.679,7.0,1.691,-0.126,-0.591
Political Stability and Absence of Violence/Terrorism: Percentile Rank,0,0.0,0.035,float64,2886,1157,812,0.0,100.0,100.0,45.952,44.258,27.054,-1.052,0.183
"Political Stability and Absence of Violence/Terrorism: Percentile Rank, Lower Bound of 90% Confidence Interval",0,0.0,1.767,float64,2886,815,566,0.0,93.81,93.81,34.16,30.0,23.264,-1.024,0.36
"Political Stability and Absence of Violence/Terrorism: Percentile Rank, Upper Bound of 90% Confidence Interval",0,0.0,0.0,float64,2886,864,609,0.483,100.0,99.517,57.833,58.019,28.993,-1.107,-0.1
Political Stability and Absence of Violence/Terrorism: Standard Error,0,0.0,0.0,float64,2886,374,266,0.192,0.384,0.192,0.242,0.239,0.033,1.573,1.103
Population & Housing census (Availability score over 20 years),0,0.0,4.782,float64,2886,3,3,0.0,1.0,1.0,0.926,1.0,0.236,8.97,-3.183
Population ages 0-14 (% of total population),0,0.0,0.0,float64,2886,2886,0,11.8,50.082,38.282,28.571,27.857,10.76,-1.265,0.232
"Population ages 0-14, female",0,0.0,0.0,float64,2886,2885,1,11298.0,185486061.0,185474763.0,5606940.796,1221632.0,17926580.473,66.414,7.673
"Population ages 0-14, female (% of female population)",0,0.0,0.0,float64,2886,2886,0,11.45,49.381,37.931,28.097,27.484,10.739,-1.258,0.181
"Population ages 0-14, male",0,0.0,0.0,float64,2886,2882,4,11724.0,204250499.0,204238775.0,5990994.312,1262880.5,19879430.797,66.469,7.743
"Population ages 0-14, male (% of male population)",0,0.0,0.0,float64,2886,2886,0,9.258,50.806,41.548,29.184,28.452,10.831,-1.257,0.236
"Population ages 0-14, total",0,0.0,0.0,float64,2886,2886,0,23023.0,389736560.0,389713537.0,11597935.109,2487025.0,37800245.933,66.437,7.709
"Population ages 00-04, female (% of female population)",0,0.0,0.0,float64,2886,2886,0,2.985,20.548,17.563,9.929,9.4,4.435,-1.021,0.418
"Population ages 00-04, male (% of male population)",0,0.0,0.0,float64,2886,2886,0,3.16,20.682,17.522,10.319,9.467,4.497,-1.01,0.473
"Population ages 05-09, female (% of female population)",0,0.0,0.0,float64,2886,2886,0,3.772,16.444,12.671999999999999,9.317,9.158,3.564,-1.265,0.165
"Population ages 05-09, male (% of male population)",0,0.0,0.0,float64,2886,2886,0,3.175,17.28,14.105,9.673,9.434,3.59,-1.269,0.227
"Population ages 10-14, female (% of female population)",0,0.0,0.0,float64,2886,2886,0,3.838,14.131,10.293,8.851,8.973,2.888,-1.369,-0.084
"Population ages 10-14, male (% of male population)",0,0.0,0.0,float64,2886,2886,0,2.515,14.625,12.11,9.192,9.296,2.905,-1.337,-0.055
"Population ages 15-19, female (% of female population)",0,0.0,0.0,float64,2886,2886,0,3.891,13.802,9.911,8.535,9.075,2.283,-1.19,-0.325
"Population ages 15-19, male (% of male population)",0,0.0,0.0,float64,2886,2886,0,2.426,14.102,11.676,8.864,9.318,2.244,-1.039,-0.356
Population ages 15-64 (% of total population),0,0.0,0.0,float64,2886,2886,0,47.599,85.212,37.61300000000001,63.179,64.754,6.716,-0.288,-0.231
"Population ages 15-64, female",0,0.0,0.0,float64,2886,2886,0,29649.0,482416155.0,482386506.0,13887211.235,2966458.0,50196175.447,64.786,7.825
"Population ages 15-64, female (% of female population)",0,0.0,0.0,float64,2886,2886,0,47.844,77.351,29.506999999999998,62.567,64.013,5.901,-0.567,-0.453
"Population ages 15-64, male",0,0.0,0.0,float64,2886,2885,1,28762.0,506401569.0,506372807.0,14223489.773,2979653.5,52986067.999,65.581,7.905
"Population ages 15-64, male (% of male population)",0,0.0,0.0,float64,2886,2886,0,47.23,89.815,42.585,63.704,65.387,7.533,-0.184,-0.094
"Population ages 15-64, total",0,0.0,0.0,float64,2886,2886,0,59037.0,988372117.0,988313080.0,28110700.995,5952183.0,103174064.229,65.198,7.867
"Population ages 20-24, female (% of female population)",0,0.0,0.0,float64,2886,2886,0,3.926,12.899,8.972999999999999,8.263,8.727,1.668,-0.532,-0.448
"Population ages 20-24, male (% of male population)",0,0.0,0.0,float64,2886,2886,0,4.595,14.821,10.225999999999999,8.585,8.871,1.564,0.033,-0.21
"Population ages 25-29, female (% of female population)",0,0.0,0.0,float64,2886,2886,0,4.314,14.03,9.716,7.842,7.867,1.277,1.621,0.554
"Population ages 25-29, male (% of male population)",0,0.0,0.0,float64,2886,2886,0,4.174,19.422,15.248000000000001,8.178,8.031,1.628,11.866,2.617
"Population ages 30-34, female (% of female population)",0,0.0,0.0,float64,2886,2886,0,4.84,14.674,9.834,7.23,7.104,1.142,6.518,1.762
"Population ages 30-34, male (% of male population)",0,0.0,0.0,float64,2886,2886,0,4.376,18.853,14.477,7.509,7.293,1.637,14.494,3.132
"Population ages 35-39, female (% of female population)",0,0.0,0.0,float64,2886,2886,0,3.78,12.094,8.314,6.574,6.595,1.132,2.474,0.778
"Population ages 35-39, male (% of male population)",0,0.0,0.0,float64,2886,2886,0,3.257,16.06,12.802999999999999,6.768,6.755,1.481,5.643,1.539
"Population ages 40-44, female (% of female population)",0,0.0,0.0,float64,2886,2886,0,2.936,10.976,8.040000000000001,5.989,6.192,1.284,-0.538,-0.042
"Population ages 40-44, male (% of male population)",0,0.0,0.0,float64,2886,2886,0,2.537,13.608,11.071000000000002,6.105,6.248,1.527,0.442,0.292
"Population ages 45-49, female (% of female population)",0,0.0,0.0,float64,2886,2886,0,2.233,9.903,7.67,5.452,5.6,1.513,-1.116,-0.039
"Population ages 45-49, male (% of male population)",0,0.0,0.0,float64,2886,2886,0,2.215,12.811,10.596,5.487,5.57,1.68,-0.921,0.017
"Population ages 50-54, female (% of female population)",0,0.0,0.0,float64,2886,2886,0,1.888,8.641,6.753,4.882,4.783,1.713,-1.317,0.12
"Population ages 50-54, male (% of male population)",0,0.0,0.0,float64,2886,2886,0,1.701,8.838,7.136999999999999,4.819,4.698,1.818,-1.27,0.141
"Population ages 55-59, female (% of female population)",0,0.0,0.0,float64,2886,2886,0,1.287,8.35,7.063,4.254,3.819,1.849,-1.25,0.352
"Population ages 55-59, male (% of male population)",0,0.0,0.0,float64,2886,2886,0,1.219,8.547,7.328,4.097,3.62,1.883,-1.227,0.378
"Population ages 60-64, female (% of female population)",0,0.0,0.0,float64,2886,2886,0,1.008,8.171,7.162999999999999,3.546,2.936,1.837,-0.933,0.608
"Population ages 60-64, male (% of male population)",0,0.0,0.0,float64,2886,2886,0,0.851,8.31,7.4590000000000005,3.294,2.68,1.782,-0.922,0.628
Population ages 65 and above (% of total population),0,0.0,0.0,float64,2886,2886,0,0.929,29.217,28.288,8.25,5.707,5.916,-0.478,0.876
"Population ages 65 and above, female",0,0.0,0.0,float64,2886,2882,4,2117.0,101883426.0,101881309.0,1978283.745,324821.0,6992441.422,83.535,8.28
"Population ages 65 and above, female (% of female population)",0,0.0,0.0,float64,2886,2886,0,1.468,31.991,30.523,9.336,6.341,6.82,-0.563,0.869
"Population ages 65 and above, male",0,0.0,0.0,float64,2886,2878,8,2757.0,84629178.0,84626421.0,1551943.494,242044.0,5857316.185,86.851,8.571
"Population ages 65 and above, male (% of male population)",0,0.0,0.0,float64,2886,2886,0,0.748,26.31,25.561999999999998,7.112,5.046,4.997,-0.162,0.941
"Population ages 65 and above, total",0,0.0,0.0,float64,2886,2885,1,5856.0,186512604.0,186506748.0,3530227.248,558497.5,12838808.391,85.278,8.425
"Population ages 65-69, female (% of female population)",0,0.0,0.0,float64,2886,2886,0,0.589,8.048,7.459,2.918,2.265,1.744,-0.625,0.779
"Population ages 65-69, male (% of male population)",0,0.0,0.0,float64,2886,2886,0,0.362,7.969,7.607,2.574,1.986,1.577,-0.487,0.811
"Population ages 70-74, female (% of female population)",0,0.0,0.0,float64,2886,2886,0,0.371,7.86,7.489000000000001,2.344,1.71,1.589,-0.464,0.874
"Population ages 70-74, male (% of male population)",0,0.0,0.0,float64,2886,2886,0,0.188,7.446,7.258,1.926,1.409,1.312,-0.059,0.952
"Population ages 75-79, female (% of female population)",0,0.0,0.0,float64,2886,2886,0,0.159,6.153,5.994,1.813,1.201,1.411,-0.437,0.927
"Population ages 75-79, male (% of male population)",0,0.0,0.0,float64,2886,2886,0,0.106,5.321,5.215,1.34,0.913,1.016,0.059,1.011
"Population ages 80 and above, female (% of female population)",0,0.0,0.0,float64,2886,2886,0,0.164,11.914,11.75,2.261,1.173,2.216,0.33,1.164
"Population ages 80 and above, male (% of male population)",0,0.0,0.0,float64,2886,2886,0,0.088,7.296,7.208,1.272,0.739,1.191,1.378,1.37
Population growth (annual %),0,0.0,0.0,float64,2886,2886,0,-3.856,14.225,18.081,1.384,1.27,1.442,6.717,1.221
"Population, female",0,0.0,0.0,float64,2886,2886,0,50472.0,691353011.0,691302539.0,21472435.757,4875855.0,73707157.619,61.317,7.605
"Population, female (% of total population)",0,0.0,0.0,float64,2886,2886,0,24.62,54.323,29.703,50.046,50.379,2.913,25.617,-4.32
"Population, male",0,0.0,0.0,float64,2886,2886,0,51140.0,729924103.0,729872963.0,21766427.568,4709041.0,77573762.982,62.721,7.726
"Population, male (% of total population)",0,0.0,0.0,float64,2886,2886,0,45.677,75.38,29.702999999999996,49.954,49.621,2.913,25.617,4.32
"Population, total",0,0.0,0.0,float64,2886,2886,0,103526.0,1414203896.0,1414100370.0,43238863.324,9528975.5,151266772.481,62.045,7.668
"Primary education, duration (years)",0,0.0,0.0,float64,2886,6,6,3.0,8.0,5.0,5.722,6.0,0.856,0.31,-0.706
Primary school starting age (years),0,0.0,0.0,float64,2886,4,3,5.0,8.0,3.0,6.114,6.0,0.553,0.157,0.061
"Probability of dying among adolescents ages 10-14 years (per 1,000)",0,0.0,0.0,float64,2886,137,109,0.2,40.5,40.3,2.73,1.7,2.771,14.211,2.453
"Probability of dying among adolescents ages 15-19 years (per 1,000)",0,0.0,0.0,float64,2886,197,161,0.8,40.4,39.6,5.075,3.7,4.022,3.954,1.67
"Probability of dying among children ages 5-9 years (per 1,000)",0,0.0,0.0,float64,2886,219,180,0.2,48.9,48.699999999999996,3.805,1.6,4.888,5.733,2.147
"Probability of dying among youth ages 20-24 years (per 1,000)",0,0.0,0.0,float64,2886,258,212,1.0,46.1,45.1,7.069,5.4,5.583,2.49,1.554
Quality of Debt service data according to World Bank,0,0.0,68.815,float64,2886,4,4,0.0,1.0,1.0,0.302,0.0,0.455,-1.231,0.865
Ratio of female to male labor force participation rate (%) (modeled ILO estimate),0,0.0,0.0,float64,2886,2886,0,8.735,104.009,95.274,71.058,76.443,19.067,0.5,-1.014
Regulatory Quality: Estimate,0,0.0,0.0,float64,2886,2884,2,-2.302,2.252,4.554,0.032,-0.141,0.915,-0.741,0.348
Regulatory Quality: Number of Sources,0,0.0,0.0,float64,2886,14,13,1.0,14.0,13.0,8.0,8.0,1.956,0.144,-0.53
Regulatory Quality: Percentile Rank,0,0.0,0.0,float64,2886,1267,789,0.476,100.0,99.524,50.482,48.688,27.393,-1.096,0.117
"Regulatory Quality: Percentile Rank, Lower Bound of 90% Confidence Interval",0,0.0,0.208,float64,2886,912,615,0.0,99.048,99.048,40.504,34.845,27.496,-1.138,0.346
"Regulatory Quality: Percentile Rank, Upper Bound of 90% Confidence Interval",0,0.0,0.0,float64,2886,873,565,2.392,100.0,97.608,59.787,58.571,25.944,-0.957,-0.102
Regulatory Quality: Standard Error,0,0.0,0.0,float64,2886,1120,444,0.146,0.391,0.24500000000000002,0.202,0.197,0.032,2.314,1.108
Renewable energy consumption (% of total final energy consumption),0,0.0,3.015,float64,2886,844,638,0.0,97.4,97.4,33.204,24.95,28.658,-0.814,0.676
Rule of Law: Estimate,0,0.0,0.0,float64,2886,2884,2,-1.923,2.125,4.048,-0.043,-0.259,0.956,-0.673,0.506
Rule of Law: Number of Sources,0,0.0,0.0,float64,2886,17,17,2.0,18.0,16.0,11.878,12.0,3.021,0.09,-0.471
Rule of Law: Percentile Rank,0,0.0,0.0,float64,2886,993,837,0.469,100.0,99.531,48.453,46.19,28.042,-1.058,0.208
"Rule of Law: Percentile Rank, Lower Bound of 90% Confidence Interval",0,0.0,1.213,float64,2886,796,597,0.0,97.143,97.143,40.221,34.615,28.499,-1.08,0.388
"Rule of Law: Percentile Rank, Upper Bound of 90% Confidence Interval",0,0.0,0.0,float64,2886,788,570,1.408,100.0,98.592,56.121,54.028,26.64,-0.987,0.054
Rule of Law: Standard Error,0,0.0,0.0,float64,2886,1747,448,0.125,0.421,0.296,0.163,0.156,0.032,13.286,3.1
Rural population,0,0.0,1.178,float64,2886,2852,2,0.0,913674711.0,913674711.0,20504887.948,3385470.0,86772220.387,73.66,8.384
Rural population (% of total population),0,0.0,1.178,float64,2886,2797,55,0.0,90.861,90.861,42.722,42.142,22.736,-0.996,0.139
Safely Managed Drinking Water,0,0.0,61.989,float64,2886,3,3,0.0,1.0,1.0,0.369,0.0,0.476,-1.676,0.545
Scientific and technical journal articles,0,0.0,0.104,float64,2886,2816,67,0.0,766200.41,766200.41,13032.729,451.895,49279.693,78.003,8.026
"Self-employed, female (% of female employment) (modeled ILO estimate)",0,0.0,0.0,float64,2886,2886,0,0.273,98.253,97.98,42.271,35.179,30.745,-1.269,0.385
"Self-employed, male (% of male employment) (modeled ILO estimate)",0,0.0,0.0,float64,2886,2886,0,0.396,92.386,91.99,40.676,35.932,23.248,-0.933,0.373
"Self-employed, total (% of total employment) (modeled ILO estimate)",0,0.0,0.0,float64,2886,2886,0,0.4,94.705,94.30499999999999,41.379,36.194,26.266,-1.093,0.391
Sex ratio at birth (male births per female births),0,0.0,0.0,float64,2886,142,105,1.003,1.178,0.17500000000000004,1.051,1.051,0.022,7.923,1.92
Statistical performance indicators (SPI): Pillar 1 data use score (scale 0-100),0,0.0,0.693,float64,2886,21,20,0.0,100.0,100.0,55.218,50.0,26.635,-1.04,0.31
Surface area (sq. km),0,0.0,0.0,float64,2886,364,246,300.0,17098250.0,17097950.0,823936.329,176220.0,2257476.933,29.134,5.166
"Survival to age 65, female (% of cohort)",0,0.0,0.0,float64,2886,2886,0,21.108,96.124,75.01599999999999,77.993,82.23,13.983,0.801,-1.113
"Survival to age 65, male (% of cohort)",0,0.0,0.0,float64,2886,2886,0,5.193,93.624,88.431,68.269,69.094,14.473,0.084,-0.532
"Unemployment, female (% of female labor force) (modeled ILO estimate)",0,0.0,0.0,float64,2886,2670,203,0.15,38.091,37.941,9.153,6.689,7.092,1.404,1.332
"Unemployment, male (% of male labor force) (modeled ILO estimate)",0,0.0,0.0,float64,2886,2617,248,0.045,36.778,36.733,7.276,5.59,5.483,2.958,1.578
"Unemployment, total (% of total labor force) (modeled ILO estimate)",0,0.0,0.0,float64,2886,2580,258,0.1,37.32,37.22,7.864,6.106,5.837,2.455,1.488
"Unemployment, youth female (% of female labor force ages 15-24) (modeled ILO estimate)",0,0.0,0.0,float64,2886,2783,100,0.155,84.904,84.749,19.455,15.47,14.547,1.014,1.15
"Unemployment, youth male (% of male labor force ages 15-24) (modeled ILO estimate)",0,0.0,0.0,float64,2886,2769,112,0.085,80.735,80.65,16.099,13.064,11.874,2.382,1.401
"Unemployment, youth total (% of total labor force ages 15-24) (modeled ILO estimate)",0,0.0,0.0,float64,2886,2744,136,0.295,82.409,82.114,17.16,14.136,12.424,1.916,1.293
Urban population,0,0.0,0.0,float64,2886,2885,1,24300.0,882894483.0,882870183.0,22733975.376,4816299.0,70816297.021,68.593,7.579
Urban population (% of total population),0,0.0,0.0,float64,2886,2797,55,9.139,100.0,90.861,57.278,57.858,22.736,-0.996,-0.139
Urban population growth (annual %),0,0.0,0.035,float64,2886,2886,0,-4.197,16.022,20.218999999999998,2.078,1.893,1.839,2.128,0.633
Voice and Accountability: Estimate,0,0.0,0.0,float64,2886,2886,0,-2.124,1.801,3.925,-0.017,-0.015,0.937,-1.006,-0.035
Voice and Accountability: Number of Sources,0,0.0,0.0,float64,2886,20,19,1.0,20.0,19.0,11.769,12.0,3.337,0.326,-0.4
Voice and Accountability: Percentile Rank,0,0.0,0.0,float64,2886,1141,849,0.948,100.0,99.052,49.007,47.115,27.825,-1.085,0.182
"Voice and Accountability: Percentile Rank, Lower Bound of 90% Confidence Interval",0,0.0,0.312,float64,2886,879,617,0.0,97.585,97.585,42.24,38.498,26.583,-1.02,0.259
"Voice and Accountability: Percentile Rank, Upper Bound of 90% Confidence Interval",0,0.0,0.0,float64,2886,862,577,2.347,100.0,97.653,55.229,54.699,28.466,-1.185,0.081
Voice and Accountability: Standard Error,0,0.0,0.0,float64,2886,1817,445,0.103,0.268,0.16500000000000004,0.137,0.13,0.026,5.141,2.066
"Vulnerable employment, female (% of female employment) (modeled ILO estimate)",0,0.0,0.0,float64,2886,2886,0,0.023,98.195,98.172,40.07,32.782,30.835,-1.237,0.428
"Vulnerable employment, male (% of male employment) (modeled ILO estimate)",0,0.0,0.0,float64,2886,2886,0,0.14,91.408,91.268,35.929,29.811,23.722,-0.889,0.495
"Vulnerable employment, total (% of total employment) (modeled ILO estimate)",0,0.0,0.0,float64,2886,2886,0,0.127,93.991,93.864,37.632,32.038,26.609,-1.048,0.481
"Wage and salaried workers, female (% of female employment) (modeled ILO estimate)",0,0.0,0.0,float64,2886,2886,0,1.747,99.727,97.98,57.729,64.821,30.745,-1.269,-0.385
"Wage and salaried workers, male (% of male employment) (modeled ILO estimate)",0,0.0,0.0,float64,2886,2886,0,7.614,99.604,91.99,59.324,64.068,23.248,-0.933,-0.373
"Wage and salaried workers, total (% of total employment) (modeled ILO estimate)",0,0.0,0.0,float64,2886,2886,0,5.295,99.6,94.30499999999999,58.621,63.806,26.266,-1.093,-0.391
Women Business and the Law Index Score (scale 1-100),0,0.0,0.0,float64,2886,105,99,23.75,100.0,76.25,72.019,75.0,18.474,-0.191,-0.68
Year,0,0.0,0.0,float64,2886,18,18,2004.0,2021.0,17.0,2012.444,2012.0,5.048,-1.176,-0.009
GDP growth (annual %),1,0.035,0.0,float64,2885,2885,0,-50.339,86.827,137.166,3.494,3.754,5.045,37.501,0.606
GDP per capita growth (annual %),1,0.035,0.0,float64,2885,2885,0,-49.128,91.781,140.909,2.083,2.232,5.012,46.375,1.19
"Inflation, GDP deflator (annual %)",1,0.035,0.0,float64,2885,2885,0,-28.76,604.946,633.706,6.336,3.865,15.685,763.673,22.016
"Inflation, GDP deflator: linked series (annual %)",1,0.035,0.0,float64,2885,2885,0,-28.76,604.946,633.706,6.126,3.845,15.045,897.686,24.303
Lower secondary school starting age (years),2,0.069,0.0,float64,2884,5,5,10.0,14.0,4.0,11.836,12.0,0.896,-0.082,-0.121
"Secondary education, duration (years)",2,0.069,0.0,float64,2884,6,6,4.0,9.0,5.0,6.415,6.0,0.913,0.03,0.192
GNI (current LCU),3,0.104,0.0,float64,2883,2883,0,476638451.376,4.072277464189e+16,4.072277416525155e+16,174557728257257.03,857664192800.0,1456232132226506.5,303.16,15.101
GNI (current US$),3,0.104,0.0,float64,2883,2883,0,187949229.96,21764838000000.0,21764650050770.04,427978769228.541,37122384063.19,1642525938700.784,81.962,8.375
GNI per capita (current LCU),3,0.104,0.0,float64,2883,2883,0,357.162,464217696.539,464217339.377,2358810.308,57979.4,14831971.613,447.887,18.241
GNI: linked series (current LCU),3,0.104,0.0,float64,2883,2883,0,476638451.376,4.072277464189e+16,4.072277416525155e+16,175883850150110.2,857664192800.0,1458335603167510.0,301.376,15.042
Adjusted savings: carbon dioxide damage (% of GNI),4,0.139,0.0,float64,2882,2882,0,0.163,19.415,19.252,1.571,1.137,1.391,24.434,3.529
Adjusted savings: consumption of fixed capital (% of GNI),4,0.139,0.0,float64,2882,2882,0,0.353,38.47,38.117,12.408,12.235,5.345,0.295,0.391
Adjusted savings: mineral depletion (% of GNI),4,0.139,34.13,float64,2882,1898,1,0.0,22.66,22.66,0.566,0.014,1.578,35.745,5.049
"GNI per capita, Atlas method (current US$)",5,0.173,0.0,float64,2881,1559,576,120.0,105070.0,104950.0,13033.006,4740.0,18256.368,3.731,2.0
"GNI, Atlas method (current US$)",5,0.173,0.0,float64,2881,2881,0,173069568.802,21742145001993.8,21741971932425.0,425490677042.602,36533903479.914,1632647739189.187,81.106,8.337
Energy intensity level of primary energy (MJ/$2017 PPP GDP),7,0.243,0.0,float64,2879,874,554,1.09,21.44,20.35,5.004,4.23,2.855,6.792,2.218
Agricultural land (% of land area),8,0.277,0.0,float64,2878,2376,169,0.436,84.745,84.309,39.214,40.299,21.425,-0.883,0.048
Arable land (% of land area),8,0.277,0.0,float64,2878,2154,207,0.084,62.557,62.473,15.569,11.589,14.064,0.844,1.18
Crop production index (2014-2016 = 100),8,0.277,0.0,float64,2878,2243,495,34.69,207.76,173.07,95.966,96.92,19.308,3.447,0.648
Food production index (2014-2016 = 100),8,0.277,0.0,float64,2878,2166,548,29.28,183.45,154.17,95.487,97.43,16.341,2.176,-0.121
Forest area (% of land area),8,0.277,0.347,float64,2878,2444,64,0.0,95.449,95.449,32.114,30.894,22.944,-0.443,0.495
Forest area (sq. km),8,0.277,0.347,float64,2878,2422,61,0.0,8153116.0,8153116.0,244294.163,31083.407,853798.852,51.679,6.737
Land area (sq. km),8,0.277,0.0,float64,2878,488,258,300.0,16381390.0,16381090.0,758773.633,175020.0,1983901.031,29.277,5.062
Livestock production index (2014-2016 = 100),8,0.277,0.0,float64,2878,2137,540,17.35,185.24,167.89000000000001,96.022,98.065,16.97,4.12,-0.032
Population density (people per sq. km of land area),8,0.277,0.0,float64,2878,2878,0,1.614,7965.878,7964.264,188.437,76.959,597.403,121.744,10.412
GDP (constant 2015 US$),9,0.312,0.0,float64,2877,2876,1,211009232.404,20159639089698.1,20159428080465.7,423640843917.433,41672273290.573,1645053979052.69,79.661,8.379
GDP per capita (constant 2015 US$),9,0.312,0.0,float64,2877,2877,0,255.078,112417.878,112162.8,13086.318,4940.896,18320.001,5.543,2.233
Mobile cellular subscriptions,9,0.312,0.0,float64,2877,1730,605,3000.0,1750000000.0,1749997000.0,35344962.235,7380000.0,122084893.807,94.706,8.932
Mobile cellular subscriptions (per 100 people),9,0.312,0.0,float64,2877,2877,0,0.207,221.309,221.102,90.432,97.369,42.007,-0.584,-0.267
Total natural resources rents (% of GDP),9,0.312,0.693,float64,2877,2858,1,0.0,79.431,79.431,7.183,2.466,10.696,6.381,2.378
"Agriculture, forestry, and fishing, value added (% of GDP)",12,0.416,0.0,float64,2874,2874,0,0.03,45.883,45.853,10.771,7.307,9.924,0.274,1.077
"Agriculture, forestry, and fishing, value added (current LCU)",12,0.416,0.0,float64,2874,2868,6,18700000.0,4981850082763500.0,4981850064063500.0,20342340200187.215,43709000000.0,180331850522156.4,305.779,15.276
"Agriculture, forestry, and fishing, value added (current US$)",12,0.416,0.0,float64,2874,2874,0,17820034.049,1290382586162.92,1290364766128.8708,16973533591.563,2960628784.304,70146383008.792,144.072,10.98
"GDP per capita, PPP (current international $)",12,0.416,0.0,float64,2874,2874,0,483.911,180939.426,180455.515,18764.056,11546.325,20589.207,6.982,2.163
"GDP, PPP (current international $)",12,0.416,0.0,float64,2874,2874,0,443810203.493,28821648700423.3,28821204890219.81,623326522832.111,85738880159.399,2047911833288.81,68.549,7.563
"PPP conversion factor, GDP (LCU per international $)",12,0.416,0.0,float64,2874,2858,1,0.061,32954.586,32954.525,251.278,5.847,1158.804,310.016,14.4
Price level ratio of PPP conversion factor (GDP) to market exchange rate,12,0.416,0.0,float64,2874,2858,1,0.16,1.676,1.516,0.556,0.473,0.269,1.377,1.356
Adjusted savings: energy depletion (% of GNI),13,0.45,23.077,float64,2873,2208,1,0.0,57.199,57.199,2.437,0.088,5.768,15.855,3.646
"GNI per capita, PPP (current international $)",15,0.52,0.0,float64,2871,1967,584,460.0,169200.0,168740.0,18262.306,11210.0,19646.986,5.603,1.978
"GNI, PPP (current international $)",15,0.52,0.0,float64,2871,2871,0,421050818.328,28620861782223.2,28620440731404.87,619584888137.011,83445512808.502,2053549449884.99,68.237,7.562
Coal rents (% of GDP),17,0.589,59.39,float64,2869,1156,1,0.0,48.722,48.722,0.332,0.0,2.119,218.362,13.376
Current health expenditure (% of GDP),18,0.624,0.0,float64,2868,2592,195,1.6,19.69,18.09,6.203,5.86,2.557,0.948,0.741
Current health expenditure per capita (current US$),18,0.624,0.0,float64,2868,2743,95,5.798,11758.425,11752.626999999999,1044.928,275.605,1779.001,6.054,2.464
"Current health expenditure per capita, PPP (current international $)",18,0.624,0.0,float64,2868,2798,61,21.124,11758.425,11737.301,1285.634,630.125,1627.275,4.46,2.026
Domestic general government health expenditure (% of GDP),18,0.624,0.0,float64,2868,2581,193,0.141,10.693,10.552,3.303,2.791,2.188,-0.146,0.793
Domestic general government health expenditure (% of current health expenditure),18,0.624,0.0,float64,2868,2800,64,3.351,95.142,91.791,50.974,52.599,21.398,-0.934,-0.245
Domestic general government health expenditure per capita (current US$),18,0.624,0.0,float64,2868,2688,113,0.461,7871.0,7870.539,712.735,149.257,1293.1,5.857,2.464
"Domestic general government health expenditure per capita, PPP (current international $)",18,0.624,0.0,float64,2868,2758,86,1.097,7108.0,7106.903,845.918,315.92,1195.939,3.756,2.002
Domestic private health expenditure (% of current health expenditure),18,0.624,0.0,float64,2868,2812,50,2.173,87.938,85.765,40.732,39.019,18.191,-0.753,0.247
Domestic private health expenditure per capita (current US$),18,0.624,0.0,float64,2868,2601,166,1.729,6951.103,6949.374,324.86,104.0,633.634,39.732,5.446
"Domestic private health expenditure per capita, PPP (current international $)",18,0.624,0.0,float64,2868,2670,142,2.729,5739.759,5737.03,424.446,245.468,574.032,26.601,4.254
"Out-of-pocket expenditure per capita, PPP (current international $)",18,0.624,0.0,float64,2868,2617,185,2.729,2003.493,2000.764,294.294,199.842,292.235,2.91,1.541
People using at least basic sanitation services (% of population),18,0.624,0.0,float64,2868,2793,4,4.009,100.0,95.991,73.44,86.817,29.021,-0.649,-0.899
"Official exchange rate (LCU per US$, period average)",19,0.658,0.0,float64,2867,2042,103,0.214,42000.0,41999.786,668.893,10.843,2765.15,84.056,8.058
Out-of-pocket expenditure (% of current health expenditure),19,0.658,0.0,float64,2867,2818,46,2.173,84.79,82.617,33.295,31.186,18.504,-0.556,0.529
Out-of-pocket expenditure per capita (current US$),19,0.658,0.0,float64,2867,2569,166,1.558,2474.433,2472.875,211.259,84.373,298.569,9.951,2.61
Oil rents (% of GDP),20,0.693,30.492,float64,2866,1987,1,0.0,65.158,65.158,3.573,0.046,9.313,13.114,3.52
"GDP per capita, PPP (constant 2021 international $)",21,0.728,0.0,float64,2865,2865,0,833.92,145591.019,144757.099,22523.71,13913.002,23509.47,4.014,1.81
GDP per person employed (constant 2021 PPP $),21,0.728,0.0,float64,2865,2865,0,2022.371,316456.424,314434.053,51280.663,38492.305,46362.025,3.934,1.635
"GDP, PPP (constant 2021 international $)",21,0.728,0.0,float64,2865,2864,1,584671749.163,28821648700423.3,28821064028674.137,735887361550.577,102506791315.638,2319232271920.688,59.08,7.075
"Industry (including construction), value added (% of GDP)",21,0.728,0.0,float64,2865,2865,0,2.831,86.67,83.839,27.172,25.099,11.748,2.805,1.397
"Industry (including construction), value added (current LCU)",21,0.728,0.0,float64,2865,2865,0,22868000.0,1.47422304545231e+16,1.47422304316551e+16,67277161285156.81,217670297100.0,555430778793778.4,251.418,13.796
"Industry (including construction), value added (current US$)",21,0.728,0.0,float64,2865,2865,0,22868000.0,7001796115584.26,7001773247584.26,116885171872.448,10661153288.162,433450794662.596,85.747,8.412
"Personal remittances, received (% of GDP)",21,0.728,4.782,float64,2865,2728,1,0.0,44.127,44.127,4.293,1.652,6.468,7.224,2.501
"Personal remittances, received (current US$)",21,0.728,4.782,float64,2865,2703,7,0.0,89375152217.566,89375152217.566,2989204233.461,704004667.812,6976281345.672,48.853,5.933
"Tuberculosis case detection rate (%, all forms)",21,0.728,0.0,float64,2865,84,80,19.0,190.0,171.0,73.313,80.0,17.6,0.452,-0.753
Export unit value index (2015 = 100),22,0.762,0.0,float64,2864,859,536,44.6,224.3,179.70000000000002,107.485,104.6,21.852,3.147,1.034
Fixed telephone subscriptions,22,0.762,0.866,float64,2864,2769,55,0.0,367786000.0,367786000.0,6736671.213,655098.0,25634389.281,94.203,8.82
Fixed telephone subscriptions (per 100 people),22,0.762,0.866,float64,2864,1327,630,0.0,71.1,71.1,17.412,13.0,16.798,-0.135,0.929
Import unit value index (2015 = 100),22,0.762,0.0,float64,2864,640,473,47.2,222.1,174.89999999999998,104.498,104.0,14.191,2.629,0.034
"Services, value added (% of GDP)",22,0.762,0.0,float64,2864,2864,0,10.876,87.421,76.545,53.937,54.034,11.306,-0.063,-0.152
"Services, value added (current LCU)",22,0.762,0.0,float64,2864,2864,0,234401482.527,2.00674324250372e+16,2.0067432190635716e+16,84068490103670.12,452652500000.0,700715145048337.8,331.474,15.786
"Services, value added (current US$)",22,0.762,0.0,float64,2864,2864,0,111880112.413,16502075586000.0,16501963705887.588,272255344147.37,19455728594.001,1141861766698.598,102.667,9.346
Carbon dioxide (CO2) emissions (total) excluding LULUCF (% change from 1990),25,0.866,0.0,float64,2861,2861,0,-87.506,44517.647,44605.153,352.219,86.747,2554.253,212.747,14.218
Carbon dioxide (CO2) emissions (total) excluding LULUCF (Mt CO2e),25,0.866,0.0,float64,2861,2850,11,0.064,12621.615,12621.551,203.378,16.844,909.525,97.48,9.268
Carbon dioxide (CO2) emissions excluding LULUCF per capita (t CO2e/capita),25,0.866,0.0,float64,2861,2861,0,0.024,53.598,53.574,4.724,2.463,6.12,11.274,2.747
Carbon dioxide (CO2) emissions from Building (Energy) (Mt CO2e),25,0.866,0.0,float64,2861,2693,137,0.0,729.783,729.783,20.233,1.374,72.056,53.17,6.904
Carbon dioxide (CO2) emissions from Industrial Combustion (Energy) (Mt CO2e),25,0.866,0.312,float64,2861,2720,110,0.0,3094.686,3094.686,36.015,1.837,218.324,145.059,11.705
Carbon dioxide (CO2) emissions from Industrial Processes (Mt CO2e),25,0.866,0.0,float64,2861,2554,129,0.0,1562.902,1562.902,16.62,1.431,99.332,165.531,12.485
Carbon dioxide (CO2) emissions from Power Industry (Energy) (Mt CO2e),25,0.866,1.282,float64,2861,2699,95,0.0,5943.081,5943.081,78.131,3.86,378.708,105.9,9.539
Carbon dioxide (CO2) emissions from Transport (Energy) (Mt CO2e),25,0.866,0.0,float64,2861,2818,40,0.021,1807.722,1807.701,37.226,4.978,147.129,99.472,9.411
Methane (CH4) emissions (total) excluding LULUCF (% change from 1990),25,0.866,0.0,float64,2861,2855,6,-75.429,342.305,417.73400000000004,33.789,22.259,62.23,2.955,1.388
Methane (CH4) emissions (total) excluding LULUCF (Mt CO2e),25,0.866,0.0,float64,2861,2841,20,0.045,1730.33,1730.2849999999999,54.569,12.369,160.755,52.216,6.638
Methane (CH4) emissions from Agriculture (Mt CO2e),25,0.866,0.554,float64,2861,2747,72,0.0,655.871,655.871,26.017,4.972,77.887,38.843,5.976
Methane (CH4) emissions from Building (Energy) (Mt CO2e),25,0.866,0.0,float64,2861,2300,275,0.0,86.405,86.405,1.761,0.313,6.578,71.204,7.813
Methane (CH4) emissions from Fugitive Emissions (Energy) (Mt CO2e),25,0.866,1.282,float64,2861,2519,133,0.0,664.262,664.262,16.55,1.343,59.137,55.585,6.947
Methane (CH4) emissions from Industrial Combustion (Energy) (Mt CO2e),25,0.866,2.183,float64,2861,977,343,0.0,6.851,6.851,0.112,0.007,0.532,82.446,8.503
Methane (CH4) emissions from Power Industry (Energy) (Mt CO2e),25,0.866,5.994,float64,2861,969,338,0.0,3.594,3.594,0.067,0.007,0.223,77.002,7.811
Methane (CH4) emissions from Transport (Energy) (Mt CO2e),25,0.866,0.0,float64,2861,1267,415,0.0,10.037,10.037,0.175,0.021,0.634,84.836,8.267
Methane (CH4) emissions from Waste (Mt CO2e),25,0.866,0.0,float64,2861,2793,64,0.015,358.408,358.39300000000003,9.818,2.065,28.962,54.877,6.644
Nitrous oxide (N2O) emissions (total) excluding LULUCF (% change from 1990),25,0.866,0.035,float64,2861,2836,22,-62.896,651.515,714.411,36.744,27.611,66.344,15.621,2.733
Nitrous oxide (N2O) emissions (total) excluding LULUCF (Mt CO2e),25,0.866,0.0,float64,2861,2783,72,0.008,427.021,427.01300000000003,13.618,3.247,42.198,53.621,6.854
Nitrous oxide (N2O) emissions from Agriculture (Mt CO2e),25,0.866,0.554,float64,2861,2694,116,0.0,292.461,292.461,9.548,2.03,28.927,48.636,6.505
Nitrous oxide (N2O) emissions from Building (Energy) (Mt CO2e),25,0.866,0.104,float64,2861,1805,438,0.0,13.374,13.374,0.427,0.076,1.26,43.728,6.134
Nitrous oxide (N2O) emissions from Industrial Combustion (Energy) (Mt CO2e),25,0.866,1.074,float64,2861,1098,368,0.0,9.952,9.952,0.149,0.011,0.734,99.897,9.387
Nitrous oxide (N2O) emissions from Industrial Processes (Mt CO2e),25,0.866,0.0,float64,2861,2410,323,0.001,67.337,67.336,1.677,0.321,5.003,59.566,7.034
Nitrous oxide (N2O) emissions from Power Industry (Energy) (Mt CO2e),25,0.866,3.708,float64,2861,1249,305,0.0,58.915,58.915,0.587,0.011,3.332,126.725,10.402
Nitrous oxide (N2O) emissions from Transport (Energy) (Mt CO2e),25,0.866,0.0,float64,2861,1761,477,0.0,31.273,31.273,0.544,0.058,2.424,91.794,9.129
Nitrous oxide (N2O) emissions from Waste (Mt CO2e),25,0.866,1.386,float64,2861,2105,436,0.0,26.584,26.584,0.652,0.142,2.231,71.823,7.976
Total greenhouse gas emissions excluding LULUCF (% change from 1990),25,0.866,0.0,float64,2861,2861,0,-74.671,1891.746,1966.4170000000001,67.148,50.884,118.938,74.1,6.334
Total greenhouse gas emissions excluding LULUCF (Mt CO2e),25,0.866,0.0,float64,2861,2851,10,0.116,15175.619,15175.503,276.686,39.138,1122.973,91.3,8.941
Total greenhouse gas emissions per capita excluding LULUCF (t CO2e/capita),25,0.866,0.0,float64,2861,2861,0,0.414,67.523,67.109,7.001,4.286,7.959,11.324,2.861
Adjusted savings: particulate emission damage (% of GNI),26,0.901,0.0,float64,2860,2860,0,0.009,5.433,5.4239999999999995,0.741,0.358,0.862,2.716,1.689
Permanent cropland (% of land area),26,0.901,0.0,float64,2860,1905,294,0.001,38.542,38.541000000000004,3.523,1.286,5.213,7.969,2.508
Adjusted savings: education expenditure (% of GNI),29,1.005,0.0,float64,2857,1594,333,0.741,9.94,9.199,4.135,3.981,1.648,0.617,0.663
Natural gas rents (% of GDP),29,1.005,43.971,float64,2857,1589,1,0.0,54.904,54.904,0.577,0.003,2.354,211.403,12.259
"Foreign direct investment, net inflows (% of GDP)",30,1.04,0.0,float64,2856,2856,0,-101.833,452.221,554.054,6.161,2.804,23.712,188.635,12.445
"Foreign direct investment, net inflows (BoP, current US$)",30,1.04,0.0,float64,2856,2851,3,-286149009225.351,733826501994.516,1019975511219.867,11467094166.995,1059293986.484,42546762543.249,64.296,6.26
Net primary income (Net income from abroad) (current LCU),31,1.074,0.139,float64,2855,2850,3,-481321056610001.0,112741998433400.0,594063055043401.0,-2685625134255.41,-4233558100.0,29546592675022.617,162.665,-12.357
Net primary income (Net income from abroad) (current US$),31,1.074,0.139,float64,2855,2851,2,-130057841848.917,292949000000.0,423006841848.917,-370622968.33,-469142075.968,25410064095.043,50.764,5.691
"Mortality rate, adult, female (per 1,000 female adults)",33,1.143,0.0,float64,2853,2832,21,22.07,701.365,679.295,140.716,107.797,104.034,3.884,1.735
"Mortality rate, adult, male (per 1,000 male adults)",33,1.143,0.0,float64,2853,2841,12,42.594,768.473,725.8789999999999,212.8,198.911,114.033,2.567,1.201
Carbon intensity of GDP (kg CO2e per constant 2021 US$ of GDP),34,1.178,0.0,float64,2852,2852,0,0.049,3.753,3.704,0.492,0.362,0.417,9.012,2.498
Rural population growth (annual %),34,1.178,0.0,float64,2852,2852,0,-9.105,9.405,18.509999999999998,0.335,0.388,1.705,3.222,-0.463
Individuals using the Internet (% of population),35,1.213,0.0,float64,2851,2299,256,0.077,100.0,99.923,41.005,36.94,30.656,-1.317,0.262
People practicing open defecation (% of population),36,1.247,29.21,float64,2850,1992,5,0.0,79.756,79.756,8.581,0.809,14.771,4.733,2.234
People using at least basic drinking water services (% of population),37,1.282,0.0,float64,2849,2617,7,24.813,100.0,75.187,85.928,93.767,17.287,0.582,-1.297
"PPP conversion factor, private consumption (LCU per international $)",38,1.317,0.0,float64,2848,2832,1,0.08,32272.215,32272.135,270.522,6.369,1207.341,256.604,13.039
"Agriculture, forestry, and fishing, value added (annual % growth)",39,1.351,0.069,float64,2847,2846,1,-65.959,91.224,157.183,2.506,2.718,8.841,11.497,0.809
Adjusted savings: net forest depletion (% of GNI),40,1.386,45.669,float64,2846,1529,1,0.0,32.745,32.745,1.204,0.001,3.332,24.867,4.483
"Agriculture, forestry, and fishing, value added (constant 2015 US$)",41,1.421,0.0,float64,2845,2842,3,24553986.711,1173289916555.59,1173265362568.8792,16969887162.568,2929721073.09,74734214867.364,123.921,10.497
"Agriculture, forestry, and fishing, value added per worker (constant 2015 US$)",41,1.421,0.0,float64,2845,2845,0,159.778,280023.531,279863.753,15006.828,4971.841,26704.914,30.956,4.623
Carbon intensity of GDP (kg CO2e per 2021 PPP $),46,1.594,0.0,float64,2840,2840,0,0.02,1.136,1.1159999999999999,0.192,0.16,0.133,6.181,2.047
"Industry (including construction), value added (annual % growth)",47,1.629,0.0,float64,2839,2839,0,-77.326,162.671,239.99699999999999,3.582,3.277,10.329,72.352,5.031
"Industry (including construction), value added (constant 2015 US$)",47,1.629,0.0,float64,2839,2838,1,21176042.698,6265297980910.55,6265276804867.852,95182512611.469,10319426129.402,360453428790.589,140.326,10.695
"Industry (including construction), value added per worker (constant 2015 US$)",47,1.629,0.0,float64,2839,2839,0,805.146,439834.258,439029.11199999996,34816.363,17224.039,46987.138,10.358,2.842
Access to clean fuels and technologies for cooking  (% of population),48,1.663,0.0,float64,2838,775,436,0.1,100.0,99.9,66.158,85.65,38.099,-1.258,-0.631
"Access to clean fuels and technologies for cooking, rural (% of rural population)",48,1.663,0.658,float64,2838,756,385,0.0,100.0,100.0,57.647,73.05,41.927,-1.698,-0.268
"Access to clean fuels and technologies for cooking, urban (% of urban population)",48,1.663,0.0,float64,2838,725,363,0.2,100.0,99.8,75.642,96.1,34.094,-0.148,-1.189
Adjusted net national income (current US$),49,1.698,0.0,float64,2837,2837,0,166996536.292,18261844597577.2,18261677601040.906,350937010996.916,32139895213.593,1346038134886.282,86.363,8.566
Adjusted net national income per capita (current US$),49,1.698,0.0,float64,2837,2837,0,67.152,82579.178,82512.026,10605.271,3942.506,14826.782,3.585,1.99
Adjusted savings: natural resources depletion (% of GNI),49,1.698,1.386,float64,2837,2798,1,0.0,57.302,57.302,4.226,1.056,6.701,8.204,2.574
Renewable internal freshwater resources per capita (cubic meters),52,1.802,0.589,float64,2834,2818,1,0.0,582044.276,582044.276,17188.49,2932.762,51985.572,61.543,7.236
"Renewable internal freshwater resources, total (billion cubic meters)",52,1.802,0.589,float64,2834,159,159,0.0,5661.0,5661.0,258.707,40.4,724.118,26.551,4.843
Proportion of seats held by women in national parliaments (%),55,1.906,2.044,float64,2831,947,604,0.0,63.75,63.75,19.853,18.333,11.641,-0.016,0.586
"Services, value added (constant 2015 US$)",57,1.975,0.0,float64,2829,2828,1,133387968.539,13971736585000.0,13971603197031.46,198534861188.935,21467005235.764,626366594599.951,127.106,8.92
"Services, value added per worker (constant 2015 US$)",57,1.975,0.0,float64,2829,2829,0,1055.559,245843.042,244787.48299999998,25764.681,13970.037,31079.551,9.492,2.567
Nitrous oxide (N2O) emissions from Fugitive Emissions (Energy) (Mt CO2e),61,2.114,12.613,float64,2825,744,330,0.0,1.328,1.328,0.034,0.005,0.106,59.078,7.022
"Services, value added (annual % growth)",61,2.114,0.035,float64,2825,2825,0,-31.7,94.712,126.412,3.986,3.989,5.172,44.047,1.975
"Inflation, consumer prices (annual %)",66,2.287,0.0,float64,2820,2820,0,-16.86,557.202,574.062,5.369,3.388,13.393,1073.762,28.186
Commercial service exports (current US$),72,2.495,0.0,float64,2814,2813,1,2465250.658,868646000000.0,868643534749.342,26949775558.581,2806106303.238,72463366494.428,43.689,5.686
Commercial service imports (current US$),72,2.495,0.0,float64,2814,2814,0,17285055.733,569316000000.0,569298714944.267,25690598233.931,2995282993.043,62611064171.282,23.071,4.376
"Exports of goods and services (BoP, current US$)",72,2.495,0.0,float64,2814,2814,0,17509376.007,3555231478040.17,3555213968664.163,119543098996.211,13896748482.566,299451390529.183,32.723,5.057
"Goods exports (BoP, current US$)",72,2.495,0.0,float64,2814,2814,0,6648418.165,3215838267844.58,3215831619426.415,92170224632.175,9891784807.274,237705814892.991,41.468,5.551
"Goods imports (BoP, current US$)",72,2.495,0.0,float64,2814,2814,0,78310300.929,2653132321663.28,2653054011362.3506,90822266157.152,11905780768.67,246266287349.173,43.551,5.903
"Imports of goods and services (BoP, current US$)",72,2.495,0.0,float64,2814,2814,0,102750022.529,3121059000000.0,3120956249977.471,117089606453.875,15625324132.543,306295772560.7,39.317,5.593
"Imports of goods, services and primary income (BoP, current US$)",72,2.495,0.0,float64,2814,2814,0,104677531.01,3997582000000.0,3997477322468.99,141383629136.56,18461811609.056,370863025074.063,40.915,5.661
"Primary income payments (BoP, current US$)",72,2.495,0.0,float64,2814,2814,0,-219022571.325,891908000000.0,892127022571.325,24294022682.684,1757084132.555,74059116076.266,44.673,5.951
"Service exports (BoP, current US$)",72,2.495,0.0,float64,2814,2814,0,3425193.874,891181000000.0,891177574806.126,27372871895.847,2999531888.224,73866798666.664,45.013,5.773
"Service imports (BoP, current US$)",72,2.495,0.0,float64,2814,2813,1,18986167.209,593316000000.0,593297013832.791,26267420118.832,3087209998.187,64011450411.209,23.904,4.438
Trade in services (% of GDP),72,2.495,0.0,float64,2814,2814,0,2.338,329.077,326.739,23.54,16.277,27.713,35.896,5.17
"Exports of goods, services and primary income (BoP, current US$)",74,2.564,0.0,float64,2812,2812,0,19448648.85,3882547012607.56,3882527563958.71,143202651538.694,14867841718.713,371056085945.167,33.016,5.126
"Primary income receipts (BoP, current US$)",74,2.564,0.0,float64,2812,2809,3,-8684875.544,1139309000000.0,1139317684875.544,23574926469.228,679600000.0,84463931587.649,61.157,6.867
Carbon dioxide (CO2) emissions from Fugitive Emissions (Energy) (Mt CO2e),79,2.737,22.003,float64,2807,1961,94,0.0,713.597,713.597,14.533,0.823,52.541,79.918,8.103
Fertilizer consumption (kilograms per hectare of arable land),84,2.911,0.243,float64,2802,2778,11,0.0,2299.422,2299.422,155.428,89.32,260.558,25.793,4.568
"Access to electricity, rural (% of rural population)",92,3.188,0.0,float64,2794,692,384,0.5,100.0,99.5,75.511,97.7,34.569,-0.424,-1.106
Cereal production (metric tons),94,3.257,0.139,float64,2792,2779,10,0.0,632589122.62,632589122.62,16730482.596,2410221.435,59990472.336,53.697,6.975
Land under cereal production (hectares),94,3.257,0.139,float64,2792,2726,34,0.0,103281871.0,103281871.0,4433307.431,872085.0,12491957.65,38.001,5.838
Cereal yield (kg per hectare),98,3.396,0.0,float64,2788,2729,56,0.1,36761.9,36761.8,3540.906,2999.75,3082.426,29.053,4.123
Domestic credit to private sector by banks (% of GDP),100,3.465,0.0,float64,2786,2786,0,0.002,304.575,304.573,49.248,38.877,40.467,2.751,1.483
"Claims on central government, etc. (% GDP)",101,3.5,0.0,float64,2785,2785,0,-117.13,154.136,271.26599999999996,7.118,4.958,18.292,15.078,1.853
Monetary Sector credit to private sector (% GDP),101,3.5,0.0,float64,2785,2785,0,0.002,304.575,304.573,49.424,39.061,40.516,2.715,1.476
Aquaculture production (metric tons),104,3.604,2.01,float64,2782,2354,164,0.0,72805297.0,72805297.0,578092.285,5263.23,4546859.604,155.933,12.114
Total fisheries production (metric tons),104,3.604,0.0,float64,2782,2742,27,27.0,85948133.98,85948106.98,1136797.367,78428.5,5895356.435,131.166,10.959
"Commercial bank branches (per 100,000 adults)",110,3.812,0.0,float64,2776,2776,0,0.04,110.861,110.821,17.087,12.747,16.023,5.385,1.953
"Computer, communications and other services (% of commercial service imports)",110,3.812,0.0,float64,2776,2776,0,0.24,98.987,98.747,33.638,32.196,17.899,-0.298,0.444
Refugee population by country or territory of origin,110,3.812,0.0,float64,2776,1947,304,5.0,3054699.0,3054694.0,48028.564,1250.5,222813.994,102.101,9.402
"Computer, communications and other services (% of commercial service exports)",111,3.846,0.035,float64,2775,2775,0,-23.968,93.593,117.561,32.241,29.11,20.999,-0.685,0.471
Lifetime risk of maternal death (%),112,3.881,0.0,float64,2774,2774,0,0.002,8.944,8.942,0.745,0.124,1.277,6.837,2.453
Lifetime risk of maternal death (1 in: rate varies by country),112,3.881,0.0,float64,2774,302,280,11.0,66000.0,65989.0,3556.212,810.0,5974.564,19.229,3.358
"Maternal mortality ratio (modeled estimate, per 100,000 live births)",112,3.881,0.0,float64,2774,636,373,1.0,1367.0,1366.0,161.154,53.0,226.749,4.068,1.98
Merchandise exports by the reporting economy (current US$),112,3.881,0.0,float64,2774,2774,0,1691458.0,2598020000000.0,2598018308542.0,91899393750.282,8736239809.5,238984266782.701,36.583,5.341
"Merchandise exports by the reporting economy, residual (% of total merchandise exports)",112,3.881,7.484,float64,2774,2559,1,-0.0,91.035,91.035,2.819,0.467,8.397,69.367,7.514
Merchandise exports to high-income economies (% of total merchandise exports),112,3.881,0.0,float64,2774,2774,0,1.062,99.097,98.035,61.284,65.499,23.259,-0.269,-0.69
Merchandise imports by the reporting economy (current US$),112,3.881,0.0,float64,2774,2774,0,62596845.0,2542730000000.0,2542667403155.0,93304568001.424,11764950851.0,250971579262.055,39.206,5.638
"Merchandise imports by the reporting economy, residual (% of total merchandise imports)",112,3.881,2.945,float64,2774,2690,1,-0.0,76.683,76.683,2.782,0.458,6.733,29.224,4.823
Merchandise imports from high-income economies (% of total merchandise imports),112,3.881,0.0,float64,2774,2774,0,2.501,98.756,96.255,56.982,58.393,20.137,-0.452,-0.416
Number of maternal deaths,112,3.881,1.802,float64,2774,309,258,0.0,86000.0,86000.0,1906.254,79.0,7479.461,76.764,8.224
"PM2.5 air pollution, mean annual exposure (micrograms per cubic meter)",112,3.881,0.0,float64,2774,2774,0,4.895,107.145,102.25,27.159,22.327,16.749,1.613,1.376
Travel services (% of commercial service imports),113,3.915,0.0,float64,2773,2773,0,0.003,92.801,92.798,22.091,20.466,13.487,2.573,1.185
"Travel services (% of service imports, BoP)",113,3.915,0.0,float64,2773,2773,0,0.003,92.537,92.534,21.284,19.745,13.071,2.777,1.209
"Communications, computer, etc. (% of service exports, BoP)",114,3.95,0.0,float64,2772,2772,0,-17.849,100.0,117.849,35.675,33.006,21.011,-0.499,0.501
Merchandise imports from low- and middle-income economies in South Asia (% of total merchandise imports),114,3.95,0.0,float64,2772,2772,0,0.0,94.184,94.184,3.836,1.438,8.765,50.526,6.521
Merchandise imports from low- and middle-income economies in East Asia & Pacific (% of total merchandise imports),116,4.019,0.0,float64,2770,2770,0,0.0,92.553,92.553,14.95,11.488,12.03,9.097,2.364
"Communications, computer, etc. (% of service imports, BoP)",119,4.123,0.0,float64,2767,2767,0,0.889,99.129,98.24000000000001,35.962,35.097,17.094,-0.14,0.44
Transport services (% of commercial service imports),119,4.123,0.0,float64,2767,2767,0,1.108,91.474,90.366,36.669,34.575,16.763,-0.058,0.533
"Transport services (% of service imports, BoP)",119,4.123,0.0,float64,2767,2767,0,1.108,86.074,84.966,35.168,33.316,15.94,-0.064,0.517
Merchandise imports from low- and middle-income economies outside region (% of total merchandise imports),122,4.227,0.0,float64,2764,2764,0,0.053,73.191,73.138,22.07,20.087,13.738,0.437,0.726
Travel services (% of commercial service exports),122,4.227,0.0,float64,2764,2764,0,0.087,97.308,97.221,39.566,37.21,24.455,-0.896,0.356
"Travel services (% of service exports, BoP)",122,4.227,0.0,float64,2764,2764,0,0.057,96.048,95.991,37.597,35.283,23.49,-0.811,0.376
Merchandise exports to low- and middle-income economies in East Asia & Pacific (% of total merchandise exports),124,4.297,0.0,float64,2762,2762,0,0.0,93.014,93.014,10.453,3.928,14.975,7.229,2.513
Merchandise exports to low- and middle-income economies outside region (% of total merchandise exports),126,4.366,0.0,float64,2760,2760,0,0.0,91.083,91.083,18.076,14.052,16.237,2.189,1.441
Merchandise imports from low- and middle-income economies in Sub-Saharan Africa (% of total merchandise imports),126,4.366,0.0,float64,2760,2760,0,0.0,93.008,93.008,7.209,0.726,16.092,10.616,3.216
Merchandise imports from low- and middle-income economies in Europe & Central Asia (% of total merchandise imports),127,4.401,0.0,float64,2759,2759,0,0.0,72.442,72.442,7.507,2.312,12.591,6.642,2.597
Merchandise imports from low- and middle-income economies in Latin America & the Caribbean (% of total merchandise imports),129,4.47,0.0,float64,2757,2757,0,0.0,58.23,58.23,5.375,1.821,9.26,6.555,2.641
Insurance and financial services (% of commercial service imports),130,4.505,0.0,float64,2756,2756,0,-42.766,71.858,114.624,7.801,6.168,7.401,22.154,3.339
"Insurance and financial services (% of service imports, BoP)",130,4.505,0.0,float64,2756,2756,0,-36.777,71.8,108.577,7.548,5.953,7.241,23.687,3.667
Gross value added at basic prices (GVA) (current US$),131,4.539,0.0,float64,2755,2755,0,161895905.967,20589955924000.0,20589794028094.03,357916878084.903,33555329249.593,1409973797061.534,110.74,9.693
"Total alcohol consumption per capita (liters of pure alcohol, projected estimates, 15+ years of age)",131,4.539,1.94,float64,2755,1182,709,0.0,18.69,18.69,5.653,5.11,4.23,-0.808,0.409
"Total alcohol consumption per capita, female (liters of pure alcohol, projected estimates, female 15+ years of age)",131,4.539,1.94,float64,2755,713,559,0.0,8.35,8.35,2.354,2.05,1.925,-0.757,0.531
"Total alcohol consumption per capita, male (liters of pure alcohol, projected estimates, male 15+ years of age)",131,4.539,1.94,float64,2755,1494,697,0.0,29.92,29.92,9.137,8.45,6.793,-0.731,0.423
"Water productivity, total (constant 2015 US$ GDP per cubic meter of total freshwater withdrawal)",135,4.678,0.0,float64,2751,2750,1,0.347,3055.61,3055.263,63.554,19.666,150.01,86.976,7.42
Merchandise imports from economies in the Arab World (% of total merchandise imports),137,4.747,0.0,float64,2749,2749,0,0.0,61.271,61.271,5.584,2.014,8.446,7.308,2.445
Transport services (% of commercial service exports),137,4.747,0.0,float64,2749,2749,0,0.049,93.352,93.303,23.229,19.802,16.77,0.902,1.073
"Transport services (% of service exports, BoP)",137,4.747,0.0,float64,2749,2749,0,0.044,80.931,80.887,21.897,19.047,15.751,0.748,1.023
Merchandise exports to economies in the Arab World (% of total merchandise exports),139,4.816,0.0,float64,2747,2747,0,0.0,85.66,85.66,5.572,2.101,10.279,15.396,3.668
"Secondary income receipts (BoP, current US$)",140,4.851,0.0,float64,2746,2745,1,1664302.266,167214000000.0,167212335697.734,5970021879.705,1738855073.104,13750974332.516,44.059,5.75
Dimension 3.3: Environmental Statistics,144,4.99,0.0,float64,2742,46,38,0.167,1.0,0.833,0.744,0.834,0.252,-1.373,-0.408
GOAL 13: Climate Action (5 year moving average),144,4.99,32.19,float64,2742,5,5,0.0,1.0,1.0,0.587,1.0,0.452,-1.689,-0.354
"Manufacturing, value added (% of GDP)",144,4.99,0.0,float64,2742,2742,0,0.723,35.215,34.492000000000004,12.465,11.943,6.117,0.487,0.592
"Manufacturing, value added (current US$)",144,4.99,0.0,float64,2742,2742,0,8900200.0,4909020290402.74,4909011390202.74,72357085558.678,4939665955.519,295938995072.466,92.146,8.682
Merchandise exports to low- and middle-income economies in South Asia (% of total merchandise exports),144,4.99,0.0,float64,2742,2742,0,0.0,98.683,98.683,4.868,1.194,12.098,30.756,5.268
Pillar 3 - Data Products - Score,144,4.99,0.0,float64,2742,2213,437,29.462,94.188,64.726,60.262,60.747,11.816,-0.393,0.021
"Share of youth not in education, employment or training, female (% of female youth population) (modeled ILO estimate)",144,4.99,0.0,float64,2742,2669,72,2.705,75.591,72.886,26.086,25.328,13.585,0.058,0.602
"Share of youth not in education, employment or training, male (% of male youth population) (modeled ILO estimate)",144,4.99,0.0,float64,2742,2591,146,1.781,50.593,48.812000000000005,15.957,14.269,7.929,0.462,0.801
"Share of youth not in education, employment or training, total (% of youth population) (modeled ILO estimate)",144,4.99,0.0,float64,2742,2643,97,2.97,53.764,50.794000000000004,20.91,19.738,9.714,-0.529,0.387
Statistical performance indicators (SPI): Pillar 3 data products score  (scale 0-100),144,4.99,0.0,float64,2742,2213,437,29.462,94.188,64.726,60.262,60.747,11.816,-0.393,0.021
"Secondary income, other sectors, payments (BoP, current US$)",149,5.163,0.0,float64,2737,2729,8,29688.157,241402000000.0,241401970311.843,4328005843.768,292944163.936,16418303491.925,90.252,8.463
Merchandise exports to low- and middle-income economies in Sub-Saharan Africa (% of total merchandise exports),152,5.267,0.0,float64,2734,2734,0,0.0,93.686,93.686,8.022,1.174,16.056,7.612,2.734
"Personal remittances, paid (current US$)",152,5.267,1.178,float64,2734,2676,18,0.0,71583000000.0,71583000000.0,2236830292.488,214641636.317,6269836840.048,41.863,5.684
Fixed broadband subscriptions (per 100 people),154,5.336,0.243,float64,2732,2722,5,0.0,47.943,47.943,10.573,4.308,12.464,-0.15,1.046
Fixed broadband subscriptions,155,5.371,0.243,float64,2731,1710,592,0.0,536000000.0,536000000.0,4482135.882,251000.0,24161679.797,258.083,14.668
Merchandise exports to low- and middle-income economies in Europe & Central Asia (% of total merchandise exports),160,5.544,0.0,float64,2726,2726,0,0.0,71.672,71.672,6.071,1.593,11.315,8.764,2.907
Tuberculosis treatment success rate (% of new cases),160,5.544,0.243,float64,2726,92,77,0.0,100.0,100.0,78.267,82.0,14.209,5.709,-1.996
Merchandise imports from low- and middle-income economies in Middle East & North Africa (% of total merchandise imports),171,5.925,0.0,float64,2715,2715,0,0.0,46.025,46.025,1.659,0.645,2.803,54.809,5.321
Gross value added at basic prices (GVA) (constant 2015 US$),175,6.064,0.0,float64,2711,2710,1,193593261.26,17543951899000.0,17543758305738.74,252893840984.244,34790250118.666,668873537579.754,175.425,9.067
Prevalence of undernourishment (% of population),187,6.48,0.0,float64,2699,366,279,2.5,55.1,52.6,9.851,5.9,9.549,2.378,1.625
Merchandise exports to low- and middle-income economies in Latin America & the Caribbean (% of total merchandise exports),190,6.584,0.0,float64,2696,2696,0,0.0,86.688,86.688,4.637,0.845,9.912,12.161,3.268
"ICT service exports (% of service exports, BoP)",193,6.687,0.0,float64,2693,2693,0,0.003,61.451,61.448,8.618,5.62,9.386,7.589,2.567
"ICT service exports (BoP, current US$)",193,6.687,0.0,float64,2693,2657,23,15981.447,221096842960.246,221096826978.799,2920478123.416,159065833.797,10547822425.12,125.316,9.168
"Manufacturing, value added (annual % growth)",195,6.757,0.069,float64,2691,2690,1,-52.803,375.158,427.961,3.212,3.187,10.734,539.303,15.779
"Manufacturing, value added (constant 2015 US$)",200,6.93,0.0,float64,2686,2684,2,10280300.0,3202510065357.0,3202499785057.0,43851385740.196,5065276633.14,130064714088.374,168.037,9.788
Merchandise exports to low- and middle-income economies in Middle East & North Africa (% of total merchandise exports),200,6.93,0.0,float64,2686,2686,0,0.0,89.88,89.88,2.46,0.823,5.21,73.699,6.794
Carbon dioxide (CO2) net fluxes from LULUCF - Organic Soil (Mt CO2e),202,6.999,73.666,float64,2684,364,39,0.0,1352.794,1352.794,6.199,0.0,58.709,258.023,14.985
"People using at least basic sanitation services, urban (% of urban population)",207,7.173,0.0,float64,2679,2204,66,11.246,100.0,88.754,78.25,90.195,24.662,-0.311,-1.024
"People practicing open defecation, urban (% of urban population)",208,7.207,31.15,float64,2678,1728,20,0.0,53.861,53.861,2.773,0.355,5.92,19.852,3.878
"International tourism, expenditures for travel items (current US$)",210,7.277,0.0,float64,2676,1806,398,10000.0,277265000000.0,277264990000.0,5864962341.209,605000000.0,17879620984.663,90.739,8.03
"International tourism, receipts for travel items (current US$)",210,7.277,0.0,float64,2676,2019,394,100000.001,200722000000.0,200721899999.999,5984269500.205,991000000.0,15493102897.859,64.329,6.777
"Compulsory education, duration (years)",216,7.484,0.0,float64,2670,13,13,4.0,16.0,12.0,9.533,9.0,2.25,0.025,0.213
Exports of goods and services (% of GDP),217,7.519,0.0,float64,2669,2669,0,2.409,228.994,226.585,40.555,34.412,27.435,11.092,2.61
Exports of goods and services (current US$),217,7.519,0.0,float64,2669,2669,0,36478872.423,3554107780957.44,3554071302085.017,127728967861.754,15709960838.047,305745134564.016,30.789,4.896
External balance on goods and services (% of GDP),217,7.519,0.0,float64,2669,2669,0,-139.354,48.452,187.806,-4.439,-2.777,15.783,7.992,-1.065
Imports of goods and services (% of GDP),217,7.519,0.0,float64,2669,2669,0,4.83,208.333,203.503,44.994,39.041,24.021,7.606,2.099
Imports of goods and services (current US$),217,7.519,0.0,float64,2669,2669,0,125510024.965,3131166000000.0,3131040489975.035,124713373283.752,18595574210.792,313667024761.544,37.417,5.456
Trade (% of GDP),217,7.519,0.0,float64,2669,2669,0,9.955,437.327,427.372,85.549,75.998,49.096,11.207,2.591
Carbon dioxide (CO2) net fluxes from LULUCF - Deforestation (Mt CO2e),218,7.554,25.225,float64,2668,1059,139,-4.197,2680.731,2684.9280000000003,25.795,0.963,108.998,191.687,11.376
Carbon dioxide (CO2) net fluxes from LULUCF - Forest Land (Mt CO2e),218,7.554,2.911,float64,2668,1455,168,-950.28,41.061,991.341,-41.037,-5.73,120.802,25.777,-4.855
Carbon dioxide (CO2) net fluxes from LULUCF - Total excluding non-tropical fires (Mt CO2e),218,7.554,0.035,float64,2668,1542,173,-1150.91,2482.397,3633.307,-12.715,-1.869,156.2,50.99,0.222
"People using at least basic drinking water services, urban (% of urban population)",218,7.554,0.0,float64,2668,2157,39,51.267,100.0,48.733,93.559,97.244,8.342,2.403,-1.669
Gross capital formation (% of GDP),225,7.796,0.243,float64,2661,2654,2,-3.946,76.782,80.728,24.805,23.628,8.225,3.542,1.151
Gross capital formation (current US$),225,7.796,0.243,float64,2661,2655,1,-95664665.965,7687799528622.77,7687895193288.734,118707959813.442,10259286600.496,477194749423.145,92.842,8.849
Final consumption expenditure (current US$),230,7.97,0.0,float64,2656,2656,0,257574091.306,17449599000000.0,17449341425908.693,340579944518.622,35644298857.864,1287486430127.103,90.132,8.72
Food exports (% of merchandise exports),230,7.97,0.035,float64,2656,2655,1,0.0,354.553,354.553,22.867,14.301,24.027,14.389,2.251
Gross domestic savings (% of GDP),230,7.97,0.0,float64,2656,2656,0,-90.49,75.55,166.04,20.923,20.975,16.434,3.429,-0.412
Gross domestic savings (current US$),230,7.97,0.0,float64,2656,2656,0,-6772619391.0,8211364142720.35,8218136762111.35,122017919895.386,10081845882.963,469192702186.165,105.618,9.213
"Immunization, HepB3 (% of one-year-old children)",230,7.97,0.0,float64,2656,81,70,6.0,99.0,93.0,86.913,92.0,14.443,5.462,-2.134
Food imports (% of merchandise imports),238,8.247,0.0,float64,2648,2648,0,1.862,52.311,50.449,13.578,12.212,7.255,3.385,1.503
Manufactures imports (% of merchandise imports),238,8.247,0.0,float64,2648,2648,0,6.574,94.003,87.429,64.424,65.122,11.287,1.059,-0.66
Fuel imports (% of merchandise imports),239,8.281,0.0,float64,2647,2647,0,0.099,62.626,62.527,15.213,14.453,8.476,0.921,0.657
Ores and metals imports (% of merchandise imports),241,8.351,0.0,float64,2645,2645,0,0.012,20.986,20.974,2.664,1.872,2.568,8.291,2.432
Manufactures exports (% of merchandise exports),242,8.385,0.0,float64,2644,2643,1,0.0,372.917,372.917,41.807,39.215,30.993,3.331,0.586
Total greenhouse gas emissions including LULUCF (Mt CO2e),243,8.42,0.0,float64,2643,2642,1,-244.42,13346.989,13591.409,267.184,44.58,1032.773,85.815,8.59
Carbon dioxide (CO2) net fluxes from LULUCF - Other Land (Mt CO2e),244,8.455,50.97,float64,2642,899,55,-293.347,51.257,344.604,-3.746,0.0,27.742,46.98,-6.601
Ores and metals exports (% of merchandise exports),244,8.455,0.069,float64,2642,2640,2,0.0,86.42,86.42,8.636,2.879,14.425,6.771,2.611
Agricultural raw materials imports (% of merchandise imports),246,8.524,0.0,float64,2640,2640,0,0.023,18.483,18.46,1.372,1.17,0.977,42.23,3.838
General government final consumption expenditure (% of GDP),246,8.524,0.0,float64,2640,2640,0,4.212,115.924,111.712,16.304,15.809,7.305,50.92,4.873
General government final consumption expenditure (current US$),246,8.524,0.0,float64,2640,2640,0,37724659.309,3180853000000.0,3180815275340.691,79205998137.168,6231175555.873,271544508597.029,57.526,6.981
Household and NPISHs Final consumption expenditure (current US$),246,8.524,0.0,float64,2640,2640,0,219849431.997,14437543000000.0,14437323150568.004,262523567794.748,28480273654.916,1027482124970.299,100.771,9.263
Households and NPISHs final consumption expenditure (% of GDP),246,8.524,0.0,float64,2640,2640,0,11.246,116.618,105.372,62.767,63.024,16.132,0.062,-0.154
Agricultural raw materials exports (% of merchandise exports),247,8.559,0.139,float64,2639,2635,2,0.0,83.482,83.482,3.656,1.504,7.751,40.047,5.742
Gross national expenditure (current US$),249,8.628,0.0,float64,2637,2637,0,303761993.72,22117272000000.0,22116968238006.28,462563894707.021,47279302603.817,1725651686623.442,77.339,8.158
Total reserves in months of imports,252,8.732,0.0,float64,2634,2634,0,0.01,79.237,79.22699999999999,5.214,4.035,5.389,34.881,4.453
Insurance and financial services (% of commercial service exports),254,8.801,0.0,float64,2632,2632,0,-0.65,100.0,100.65,5.628,2.604,8.935,22.168,4.044
"Insurance and financial services (% of service exports, BoP)",254,8.801,0.0,float64,2632,2632,0,-0.444,75.001,75.44500000000001,5.312,2.438,8.548,20.491,3.989
"People using at least basic sanitation services, rural (% of rural population)",254,8.801,0.0,float64,2632,2250,62,0.636,100.0,99.364,65.276,75.69,32.402,-1.171,-0.545
"People using at least basic drinking water services, rural (% of rural population)",262,9.078,0.0,float64,2624,2168,38,14.149,100.0,85.851,78.087,86.491,22.62,-0.435,-0.878
"Foreign direct investment, net outflows (% of GDP)",263,9.113,2.633,float64,2623,2548,1,-135.555,453.163,588.7180000000001,3.368,0.418,22.071,151.714,10.756
"Foreign direct investment, net outflows (BoP, current US$)",263,9.113,2.633,float64,2623,2529,14,-268227773758.427,596418054303.47,864645828061.897,11773993456.6,126742274.66,46649643350.504,48.066,5.873
Domestic credit to private sector (% of GDP),264,9.148,0.0,float64,2622,2622,0,0.002,304.575,304.573,53.353,39.904,44.446,1.872,1.371
"People practicing open defecation, rural (% of rural population)",268,9.286,25.606,float64,2618,1775,29,0.0,91.37,91.37,14.009,2.365,20.546,1.848,1.641
Gross fixed capital formation (% of GDP),273,9.459,0.0,float64,2613,2613,0,1.402,78.001,76.599,23.431,22.526,7.278,6.478,1.563
Gross fixed capital formation (current US$),273,9.459,0.0,float64,2613,2613,0,45458248.452,7475906229718.68,7475860771470.228,116368675626.784,9920241622.311,470611588665.423,91.257,8.783
"Primary education, pupils",281,9.737,0.0,float64,2605,2599,6,12962.0,139869904.0,139856942.0,4032422.358,883938.0,13207676.809,65.201,7.718
ICT goods imports (% total goods imports),282,9.771,0.035,float64,2604,1136,617,0.0,48.33,48.33,6.558,5.025,5.242,10.346,2.694
"Households and NPISHs Final consumption expenditure, PPP (current international $)",284,9.841,0.0,float64,2602,2602,0,248574099.339,14437543000000.0,14437294425900.66,356516609783.905,58046072909.409,1162193910776.611,68.666,7.62
"Automated teller machines (ATMs) (per 100,000 adults)",298,10.326,0.208,float64,2588,2224,310,0.0,288.59,288.59,45.439,35.35,44.875,4.665,1.823
Fuel exports (% of merchandise exports),299,10.36,1.871,float64,2587,2533,2,0.0,99.986,99.986,17.474,4.979,26.71,2.204,1.839
Gross savings (% of GDP),302,10.464,0.0,float64,2584,2584,0,-19.903,372.975,392.87800000000004,23.796,21.687,17.345,143.166,9.008
Gross savings (% of GNI),302,10.464,0.0,float64,2584,2584,0,-29.263,75.764,105.027,23.652,22.25,11.66,1.887,0.586
Prevalence of anemia among children (% of children ages 6-59 months),304,10.534,0.0,float64,2582,684,522,5.8,88.3,82.5,34.375,27.55,20.008,-0.457,0.811
Prevalence of anemia among non-pregnant women (% of women ages 15-49),304,10.534,0.0,float64,2582,517,434,7.0,64.9,57.900000000000006,26.844,24.1,13.451,-0.433,0.636
Prevalence of anemia among pregnant women (%),304,10.534,0.0,float64,2582,483,434,9.1,61.0,51.9,31.677,28.3,13.04,-0.781,0.575
Prevalence of anemia among women of reproductive age (% of women ages 15-49),304,10.534,0.0,float64,2582,520,436,7.3,64.3,57.0,27.12,24.5,13.501,-0.476,0.624
Military expenditure (current USD),307,10.638,2.287,float64,2579,2513,2,0.0,778397200000.0,778397200000.0,10830137192.375,748831971.68,56270880620.005,123.468,10.716
"School enrollment, primary (% gross)",335,11.608,0.0,float64,2551,2549,2,45.619,156.614,110.995,102.972,101.762,12.272,3.288,0.244
"School enrollment, primary, female (% gross)",340,11.781,0.0,float64,2546,2544,2,37.455,157.057,119.60199999999999,101.741,101.064,12.835,4.06,-0.05
"School enrollment, primary, male (% gross)",340,11.781,0.0,float64,2546,2543,1,53.503,156.16,102.657,104.145,102.28,12.334,2.372,0.489
Final consumption expenditure (annual % growth),349,12.093,0.0,float64,2537,2537,0,-40.868,55.901,96.769,3.584,3.4,5.025,12.621,0.359
Exports of goods and services (annual % growth),352,12.197,0.069,float64,2534,2533,1,-96.364,1045.449,1141.813,5.439,4.425,26.196,991.841,25.887
Imports of goods and services (annual % growth),352,12.197,0.069,float64,2534,2533,1,-94.7,143.392,238.09199999999998,5.59,5.336,13.022,9.681,0.745
Final consumption expenditure (constant 2015 US$),357,12.37,0.0,float64,2529,2529,0,436243065.781,16361516352775.2,16361080109709.418,352365692058.616,38531982282.0,1330142222553.471,85.547,8.631
Exports of goods and services (constant 2015 US$),369,12.786,0.0,float64,2517,2515,1,32069859.99,2456083244827.77,2456051174967.78,113135274573.204,17132446772.964,253932708406.781,29.889,4.738
Imports of goods and services (constant 2015 US$),369,12.786,0.0,float64,2517,2515,2,159568953.863,3125465451714.86,3125305882760.997,113586533430.873,19565922931.794,274055490438.014,48.185,6.002
Refugee population by country or territory of asylum,369,12.786,0.0,float64,2517,2166,206,5.0,3759817.0,3759812.0,113211.869,6012.0,358061.482,40.349,5.821
"International tourism, number of arrivals",370,12.821,0.0,float64,2516,2139,306,4400.0,217877000.0,217872600.0,10798433.731,2037000.0,27034659.501,24.394,4.653
Military expenditure (% of GDP),373,12.924,0.0,float64,2513,2513,0,0.03,15.48,15.450000000000001,1.87,1.445,1.45,10.201,2.509
Household and NPISHs Final consumption expenditure (annual % growth),378,13.098,0.035,float64,2508,2507,1,-45.928,67.079,113.00699999999999,3.577,3.509,5.688,15.365,0.322
Households and NPISHs Final consumption expenditure (constant 2015 US$),382,13.236,0.0,float64,2504,2503,1,311132944.223,13571418969274.2,13571107836329.977,272535865883.855,30657563773.404,1064211851465.9,94.078,9.1
Households and NPISHs final consumption expenditure per capita (constant 2015 US$),382,13.236,0.0,float64,2504,2504,0,195.608,44823.39,44627.782,7278.79,3266.709,8979.694,2.472,1.735
General government final consumption expenditure (annual % growth),396,13.721,0.035,float64,2490,2490,0,-55.348,250.233,305.581,4.012,2.931,10.159,162.812,7.988
General government final consumption expenditure (constant 2015 US$),399,13.825,0.0,float64,2487,2486,1,70710409.768,2874677677759.94,2874606967350.172,72280626660.294,7062326072.142,250094616356.113,76.502,8.05
Household final consumption expenditure per capita growth (annual %),407,14.103,0.0,float64,2479,2479,0,-46.296,65.148,111.44399999999999,2.151,2.105,5.507,16.424,0.322
"Preprimary education, duration (years)",410,14.207,0.0,float64,2476,7,7,1.0,7.0,6.0,3.817,3.0,1.663,-1.141,0.318
"Portfolio equity, net inflows (BoP, current US$)",412,14.276,15.766,float64,2474,1999,21,-291427000000.0,687416000000.0,978843000000.0,5273746593.005,727816.914,37029245953.377,124.28,8.845
Fluorinated greenhouse gases (F-gases) emissions from Industrial Processes (Mt CO2e),419,14.518,0.554,float64,2467,2221,116,0.0,439.94,439.94,6.703,0.766,30.437,96.555,9.235
"Households and NPISHs Final consumption expenditure, PPP (constant 2021 international $)",434,15.038,0.0,float64,2452,2451,1,404113953.634,15199561893306.7,15199157779353.064,442727921703.172,79372422124.77,1357314750062.82,59.78,7.127
"Prevalence of overweight (modeled estimate, % of children under 5)",443,15.35,0.0,float64,2443,222,168,0.8,29.8,29.0,7.117,6.2,4.565,3.051,1.411
"Prevalence of stunting, height for age (modeled estimate, % of children under 5)",461,15.974,0.0,float64,2425,517,443,1.2,61.0,59.8,20.288,17.3,14.271,-0.699,0.567
Broad money (% of GDP),462,16.008,0.0,float64,2424,2424,0,0.015,281.946,281.93100000000004,56.271,47.26,38.366,6.111,2.042
Population in the largest city (% of urban population),481,16.667,0.0,float64,2405,2395,1,3.066,100.0,96.934,31.572,29.559,16.132,1.763,0.983
"Charges for the use of intellectual property, payments (BoP, current US$)",553,19.161,0.0,float64,2333,2278,18,-13920000.0,134734991330.52,134748911330.52,2505271008.238,67989400.0,8245799849.545,65.274,6.775
"Personal transfers, receipts (BoP, current US$)",568,19.681,0.0,float64,2318,2315,3,11470.972,82977274514.786,82977263043.814,2449826343.799,457449115.512,6697176698.49,56.333,6.635
"School enrollment, primary, private (% of total primary)",585,20.27,0.762,float64,2301,2274,7,0.0,99.082,99.082,13.463,8.084,16.035,5.491,2.169
"Secondary education, pupils",628,21.76,0.0,float64,2258,2257,1,8518.0,138511516.046,138502998.046,3787469.525,697670.656,13275116.833,57.616,7.324
"Primary education, teachers",676,23.423,0.0,float64,2210,2177,31,665.0,6683229.0,6682564.0,174410.222,42793.285,605188.341,72.629,8.177
"School enrollment, secondary (% gross)",692,23.978,0.0,float64,2194,2194,0,8.241,164.08,155.839,83.66,90.334,28.318,-0.008,-0.508
