Country Code,Series Code,Year,Value
AUS,DP.DOD.DECD.CR.NF.Z1,2021,8.29382889255454
AUS,DP.DOD.DECD.CR.NF.Z1,2022,7.305590705575998
AUS,DP.DOD.DECD.CR.NF.Z1,2023,6.899961826885074
AUS,DP.DOD.DECN.CR.NF.Z1,2021,8.62873415169231
AUS,DP.DOD.DECN.CR.NF.Z1,2022,7.815560481140619
AUS,DP.DOD.DECN.CR.NF.Z1,2023,7.531869682364131
AUS,DP.DOD.DECT.CR.NF.Z1,2021,8.62873415169231
AUS,DP.DOD.DECT.CR.NF.Z1,2022,7.815560481140619
AUS,DP.DOD.DECT.CR.NF.Z1,2023,7.531869682364131
AUS,DP.DOD.DECX.CR.NF.Z1,2021,0.3349052591377705
AUS,DP.DOD.DECX.CR.NF.Z1,2022,0.5099697755646211
AUS,DP.DOD.DECX.CR.NF.Z1,2023,0.6319078554790574
AUS,DP.DOD.DLDS.CR.M1.NF.Z1,2021,0.3350470171831763
AUS,DP.DOD.DLDS.CR.M1.NF.Z1,2022,0.529286993112601
AUS,DP.DOD.DLDS.CR.M1.NF.Z1,2023,0.6786604521939571
AUS,DP.DOD.DLDS.CR.MV.NF.Z1,2021,0.34145699608574764
AUS,DP.DOD.DLDS.CR.MV.NF.Z1,2022,0.5612177419599018
AUS,DP.DOD.DLDS.CR.MV.NF.Z1,2023,0.7582674572541244
AUS,DP.DOD.DLDS.CR.NF.Z1,2021,0.34145699608574764
AUS,DP.DOD.DLDS.CR.NF.Z1,2022,0.5612177419599018
AUS,DP.DOD.DLDS.CR.NF.Z1,2023,0.7582674572541244
AUS,DP.DOD.DLLO.CR.M1.NF.Z1,2021,6.213533982788752
AUS,DP.DOD.DLLO.CR.M1.NF.Z1,2022,5.362117432712734
AUS,DP.DOD.DLLO.CR.M1.NF.Z1,2023,4.979707503383835
AUS,DP.DOD.DLLO.CR.NF.Z1,2021,7.209763038090251
AUS,DP.DOD.DLLO.CR.NF.Z1,2022,6.259032408710912
AUS,DP.DOD.DLLO.CR.NF.Z1,2023,5.824272759153786
AUS,DP.DOD.DLOA.CR.NF.Z1,2021,1.0775141175163117
AUS,DP.DOD.DLOA.CR.NF.Z1,2022,0.9953103304698057
AUS,DP.DOD.DLOA.CR.NF.Z1,2023,0.9493294659562215
AUS,DP.DOD.DLTC.CR.M1.NF.Z1,2021,6.548580999971929
AUS,DP.DOD.DLTC.CR.M1.NF.Z1,2022,5.891404425825335
AUS,DP.DOD.DLTC.CR.M1.NF.Z1,2023,5.658367955577793
AUS,DP.DOD.DLTC.CR.NF.Z1,2021,6.548580999971929
AUS,DP.DOD.DLTC.CR.NF.Z1,2022,5.891404425825335
AUS,DP.DOD.DLTC.CR.NF.Z1,2023,5.658367955577793
AUS,DP.DOD.DSDS.CR.NF.Z1,2021,0.006409978902571325
AUS,DP.DOD.DSDS.CR.NF.Z1,2022,0.03193074884730087
AUS,DP.DOD.DSDS.CR.NF.Z1,2023,0.07960700506016719
AUS,DP.DOD.DSLO.CR.NF.Z1,2021,0.9962290553014987
AUS,DP.DOD.DSLO.CR.NF.Z1,2022,0.896914975998178
AUS,DP.DOD.DSLO.CR.NF.Z1,2023,0.8445652557699499
AUS,DP.DOD.DSOA.CR.NF.Z1,2021,1.0775141175163117
AUS,DP.DOD.DSOA.CR.NF.Z1,2022,0.9953103304698057
AUS,DP.DOD.DSOA.CR.NF.Z1,2023,0.9493294659562215
AUS,DP.DOD.DSTC.CR.NF.Z1,2021,2.0801531517203817
AUS,DP.DOD.DSTC.CR.NF.Z1,2022,1.9241560553152848
AUS,DP.DOD.DSTC.CR.NF.Z1,2023,1.8735017267863388
CAN,DP.DOD.DECT.CR.NF.Z1,2021,9.235647264147154
CAN,DP.DOD.DECT.CR.NF.Z1,2022,8.557625935651371
CAN,DP.DOD.DECT.CR.NF.Z1,2023,8.65896201968063
CAN,DP.DOD.DLDS.CR.MV.NF.Z1,2021,4.608103223240763
CAN,DP.DOD.DLDS.CR.MV.NF.Z1,2022,3.575453191959933
CAN,DP.DOD.DLDS.CR.MV.NF.Z1,2023,3.4571718748611935
CAN,DP.DOD.DLDS.CR.NF.Z1,2021,3.976028091866416
CAN,DP.DOD.DLDS.CR.NF.Z1,2022,3.4810705245991542
CAN,DP.DOD.DLDS.CR.NF.Z1,2023,3.395598298754945
CAN,DP.DOD.DLIN.CR.NF.Z1,2021,0.27053946309954513
CAN,DP.DOD.DLIN.CR.NF.Z1,2022,0.0706328933860802
CAN,DP.DOD.DLIN.CR.NF.Z1,2023,0.032430072287443976
CAN,DP.DOD.DLLO.CR.NF.Z1,2021,4.087239843956546
CAN,DP.DOD.DLLO.CR.NF.Z1,2022,4.000488366996809
CAN,DP.DOD.DLLO.CR.NF.Z1,2023,4.217593178460259
CAN,DP.DOD.DLOA.CR.NF.Z1,2021,0.9018398652246475
CAN,DP.DOD.DLOA.CR.NF.Z1,2022,1.0054341506693283
CAN,DP.DOD.DLOA.CR.NF.Z1,2023,1.0133404701779813
COL,DP.DOD.DECF.CR.NF.Z1,2021,6.992770522262008
COL,DP.DOD.DECF.CR.NF.Z1,2022,6.7579913210750275
COL,DP.DOD.DECF.CR.NF.Z1,2023,5.898635337582784
COL,DP.DOD.DECN.CR.NF.Z1,2021,4.063728289083667
COL,DP.DOD.DECN.CR.NF.Z1,2022,3.2034294509227585
COL,DP.DOD.DECN.CR.NF.Z1,2023,3.334450271406772
COL,DP.DOD.DECT.CR.NF.Z1,2021,11.056498811345657
COL,DP.DOD.DECT.CR.NF.Z1,2022,9.961420771997789
COL,DP.DOD.DECT.CR.NF.Z1,2023,9.232977626380642
COL,DP.DOD.DLDS.CR.L1.NF.Z1,2021,0.016102855741904006
COL,DP.DOD.DLDS.CR.L1.NF.Z1,2022,0.34182235311984044
COL,DP.DOD.DLDS.CR.L1.NF.Z1,2023,0.2729242815214019
COL,DP.DOD.DLDS.CR.M1.NF.Z1,2021,6.0258950344031685
COL,DP.DOD.DLDS.CR.M1.NF.Z1,2022,5.6632876419087435
COL,DP.DOD.DLDS.CR.M1.NF.Z1,2023,5.253242191837174
COL,DP.DOD.DLDS.CR.NF.Z1,2021,6.041997890145073
COL,DP.DOD.DLDS.CR.NF.Z1,2022,6.005109995028583
COL,DP.DOD.DLDS.CR.NF.Z1,2023,5.526166473358575
COL,DP.DOD.DLLO.CR.L1.NF.Z1,2021,0.12534431782141078
COL,DP.DOD.DLLO.CR.L1.NF.Z1,2022,0.19261874219742936
COL,DP.DOD.DLLO.CR.L1.NF.Z1,2023,0.052024452475614213
COL,DP.DOD.DLLO.CR.M1.NF.Z1,2021,3.815471235733909
COL,DP.DOD.DLLO.CR.M1.NF.Z1,2022,3.1161091997198986
COL,DP.DOD.DLLO.CR.M1.NF.Z1,2023,3.031352205012802
COL,DP.DOD.DLLO.CR.NF.Z1,2021,3.9408155535553204
COL,DP.DOD.DLLO.CR.NF.Z1,2022,3.3087279419173297
COL,DP.DOD.DLLO.CR.NF.Z1,2023,3.083376657488415
COL,DP.DOD.DLOA.CR.L1.NF.Z1,2021,0.12632086666042963
COL,DP.DOD.DLOA.CR.L1.NF.Z1,2022,0.11986070750853955
COL,DP.DOD.DLOA.CR.L1.NF.Z1,2023,0.013234134761386272
COL,DP.DOD.DLOA.CR.M1.NF.Z1,2021,0.9473645009848555
COL,DP.DOD.DLOA.CR.M1.NF.Z1,2022,0.5277221275433325
COL,DP.DOD.DLOA.CR.M1.NF.Z1,2023,0.6102003607722682
COL,DP.DOD.DLOA.CR.NF.Z1,2021,1.0736853676452867
COL,DP.DOD.DLOA.CR.NF.Z1,2022,0.647582835051872
COL,DP.DOD.DLOA.CR.NF.Z1,2023,0.6234344955336546
COL,DP.DOD.DLTC.CR.L1.NF.Z1,2021,0.26776804022374445
COL,DP.DOD.DLTC.CR.L1.NF.Z1,2022,0.6543018028258089
COL,DP.DOD.DLTC.CR.L1.NF.Z1,2023,0.3381828687584024
COL,DP.DOD.DLTC.CR.M1.NF.Z1,2021,10.788730771121935
COL,DP.DOD.DLTC.CR.M1.NF.Z1,2022,9.307118969171992
COL,DP.DOD.DLTC.CR.M1.NF.Z1,2023,8.894794757622257
COL,DP.DOD.DLTC.CR.NF.Z1,2021,11.056498811345657
COL,DP.DOD.DLTC.CR.NF.Z1,2022,9.961420771997789
COL,DP.DOD.DLTC.CR.NF.Z1,2023,9.232977626380642
COL,DP.DOD.DSTC.CR.NF.Z1,2021,0.0
COL,DP.DOD.DSTC.CR.NF.Z1,2022,0.0
COL,DP.DOD.DSTC.CR.NF.Z1,2023,0.0
CRI,DP.DOD.DECF.CR.NF.Z1,2021,6.205538411241643
CRI,DP.DOD.DECF.CR.NF.Z1,2022,4.883183179932592
CRI,DP.DOD.DECF.CR.NF.Z1,2023,3.432507779828039
CRI,DP.DOD.DECN.CR.NF.Z1,2021,2.7120125076289767
CRI,DP.DOD.DECN.CR.NF.Z1,2022,2.760621944524477
CRI,DP.DOD.DECN.CR.NF.Z1,2023,2.491424024383909
CRI,DP.DOD.DECT.CR.NF.Z1,2021,8.917550918870639
CRI,DP.DOD.DECT.CR.NF.Z1,2022,7.6438051244570815
CRI,DP.DOD.DECT.CR.NF.Z1,2023,5.9239318042119535
CRI,DP.DOD.DLDS.CR.L1.NF.Z1,2021,0.8653089241343471
CRI,DP.DOD.DLDS.CR.L1.NF.Z1,2022,0.19972750592066985
CRI,DP.DOD.DLDS.CR.L1.NF.Z1,2023,0.1405445181469429
CRI,DP.DOD.DLDS.CR.M1.NF.Z1,2021,2.3129210935365463
CRI,DP.DOD.DLDS.CR.M1.NF.Z1,2022,2.35411791833924
CRI,DP.DOD.DLDS.CR.M1.NF.Z1,2023,1.7522603979127425
CRI,DP.DOD.DLDS.CR.NF.Z1,2021,3.1782300176708933
CRI,DP.DOD.DLDS.CR.NF.Z1,2022,2.55384542425991
CRI,DP.DOD.DLDS.CR.NF.Z1,2023,1.8928049160596854
CRI,DP.DOD.DLLO.CR.L1.NF.Z1,2021,0.610175599687164
CRI,DP.DOD.DLLO.CR.L1.NF.Z1,2022,0.5124257947618984
CRI,DP.DOD.DLLO.CR.L1.NF.Z1,2023,0.4152528540910835
CRI,DP.DOD.DLLO.CR.M1.NF.Z1,2021,5.0611928088504525
CRI,DP.DOD.DLLO.CR.M1.NF.Z1,2022,4.569092244944072
CRI,DP.DOD.DLLO.CR.M1.NF.Z1,2023,3.611904027258162
CRI,DP.DOD.DLLO.CR.NF.Z1,2021,5.739320901199745
CRI,DP.DOD.DLLO.CR.NF.Z1,2022,5.08995970019717
CRI,DP.DOD.DLLO.CR.NF.Z1,2023,4.031126888152265
CRI,DP.DOD.DLSD.CR.M1.NF.Z1,2023,0.0
CRI,DP.DOD.DLSD.CR.NF.Z1,2023,0.0
CRI,DP.DOD.DLTC.CR.L1.NF.Z1,2021,1.4754845238215113
CRI,DP.DOD.DLTC.CR.L1.NF.Z1,2022,0.7121533006825682
CRI,DP.DOD.DLTC.CR.L1.NF.Z1,2023,0.5557973722380264
CRI,DP.DOD.DLTC.CR.M1.NF.Z1,2021,7.3741139023870055
CRI,DP.DOD.DLTC.CR.M1.NF.Z1,2022,6.923210163283311
CRI,DP.DOD.DLTC.CR.M1.NF.Z1,2023,5.364164425170905
CRI,DP.DOD.DLTC.CR.NF.Z1,2021,8.849598426208514
CRI,DP.DOD.DLTC.CR.NF.Z1,2022,7.6353634639658825
CRI,DP.DOD.DLTC.CR.NF.Z1,2023,5.919961797408926
CRI,DP.DOD.DSDS.CR.NF.Z1,2021,0.0
CRI,DP.DOD.DSDS.CR.NF.Z1,2022,0.0
CRI,DP.DOD.DSDS.CR.NF.Z1,2023,0.0
CRI,DP.DOD.DSLO.CR.NF.Z1,2021,0.06795249266211911
CRI,DP.DOD.DSLO.CR.NF.Z1,2022,0.008441660491201583
CRI,DP.DOD.DSLO.CR.NF.Z1,2023,0.003970006803027537
CRI,DP.DOD.DSTC.CR.NF.Z1,2021,0.06795249266211911
CRI,DP.DOD.DSTC.CR.NF.Z1,2022,0.008441660491201583
CRI,DP.DOD.DSTC.CR.NF.Z1,2023,0.003970006803027537
DOM,DP.DOD.DECD.CR.NF.Z1,2021,0.466874809261682
DOM,DP.DOD.DECD.CR.NF.Z1,2022,0.28312683711092834
DOM,DP.DOD.DECD.CR.NF.Z1,2023,0.16060234498216763
DOM,DP.DOD.DECF.CR.NF.Z1,2021,0.47018837617407316
DOM,DP.DOD.DECF.CR.NF.Z1,2022,0.2885269928829099
DOM,DP.DOD.DECF.CR.NF.Z1,2023,0.16556496277842875
DOM,DP.DOD.DECN.CR.NF.Z1,2021,0.003498292618782949
DOM,DP.DOD.DECN.CR.NF.Z1,2022,9.542958375147225e-05
DOM,DP.DOD.DECN.CR.NF.Z1,2023,0.00010189692102240431
DOM,DP.DOD.DECT.CR.NF.Z1,2021,0.4736866687928552
DOM,DP.DOD.DECT.CR.NF.Z1,2022,0.2886224224666601
DOM,DP.DOD.DECT.CR.NF.Z1,2023,0.1656668596994513
DOM,DP.DOD.DECX.CR.NF.Z1,2021,0.006811859531174075
DOM,DP.DOD.DECX.CR.NF.Z1,2022,0.005495585355731648
DOM,DP.DOD.DECX.CR.NF.Z1,2023,0.005064514717283286
DOM,DP.DOD.DLLO.CR.L1.NF.Z1,2021,0.16051620605361605
DOM,DP.DOD.DLLO.CR.L1.NF.Z1,2022,0.13513369263201896
DOM,DP.DOD.DLLO.CR.L1.NF.Z1,2023,0.1113749570765721
DOM,DP.DOD.DLLO.CR.M1.NF.Z1,2021,0.3098352481113984
DOM,DP.DOD.DLLO.CR.M1.NF.Z1,2022,0.1534887298346413
DOM,DP.DOD.DLLO.CR.M1.NF.Z1,2023,0.054291902622879355
DOM,DP.DOD.DLLO.CR.NF.Z1,2021,0.4736866687928552
DOM,DP.DOD.DLLO.CR.NF.Z1,2022,0.2886224224666601
DOM,DP.DOD.DLLO.CR.NF.Z1,2023,0.1656668596994513
DOM,DP.DOD.DLTC.CR.L1.NF.Z1,2021,0.16051620605361605
DOM,DP.DOD.DLTC.CR.L1.NF.Z1,2022,0.13513369263201896
DOM,DP.DOD.DLTC.CR.L1.NF.Z1,2023,0.1113749570765721
DOM,DP.DOD.DLTC.CR.M1.NF.Z1,2021,0.3098352481113984
DOM,DP.DOD.DLTC.CR.M1.NF.Z1,2022,0.1534887298346413
DOM,DP.DOD.DLTC.CR.M1.NF.Z1,2023,0.054291902622879355
DOM,DP.DOD.DLTC.CR.NF.Z1,2021,0.4703514541650149
DOM,DP.DOD.DLTC.CR.NF.Z1,2022,0.2886224224666601
DOM,DP.DOD.DLTC.CR.NF.Z1,2023,0.1656668596994513
DOM,DP.DOD.DSDS.CR.NF.Z1,2021,0.0
DOM,DP.DOD.DSLO.CR.NF.Z1,2021,0.0033352146278402823
DOM,DP.DOD.DSTC.CR.NF.Z1,2021,0.01334085851136113
GBR,DP.DOD.DECD.CR.NF.Z1,2021,1.7857846512731925
GBR,DP.DOD.DECD.CR.NF.Z1,2022,1.637304512928457
GBR,DP.DOD.DECD.CR.NF.Z1,2023,1.5322363063889541
GBR,DP.DOD.DECF.CR.NF.Z1,2021,0.0
GBR,DP.DOD.DECF.CR.NF.Z1,2022,0.0
GBR,DP.DOD.DECF.CR.NF.Z1,2023,0.0
GBR,DP.DOD.DECN.CR.NF.Z1,2021,1.7873595564271085
GBR,DP.DOD.DECN.CR.NF.Z1,2022,1.6379551197085882
GBR,DP.DOD.DECN.CR.NF.Z1,2023,1.5322363063889541
GBR,DP.DOD.DECT.CR.NF.Z1,2021,1.7873595564271085
GBR,DP.DOD.DECT.CR.NF.Z1,2022,1.6379551197085882
GBR,DP.DOD.DECT.CR.NF.Z1,2023,1.5322363063889541
GBR,DP.DOD.DECX.CR.NF.Z1,2021,0.0015749051539159355
GBR,DP.DOD.DECX.CR.NF.Z1,2022,0.0006506067801312183
GBR,DP.DOD.DECX.CR.NF.Z1,2023,0.0
GBR,DP.DOD.DLDS.CR.MV.NF.Z1,2021,0.17275569709607258
GBR,DP.DOD.DLDS.CR.MV.NF.Z1,2022,0.13494159620654994
GBR,DP.DOD.DLDS.CR.MV.NF.Z1,2023,0.11842539385480312
GBR,DP.DOD.DLDS.CR.NF.Z1,2021,0.17275569709607258
GBR,DP.DOD.DLDS.CR.NF.Z1,2022,0.13494159620654994
GBR,DP.DOD.DLDS.CR.NF.Z1,2023,0.11842539385480312
GBR,DP.DOD.DLIN.CR.L1.NF.Z1,2021,0.0
GBR,DP.DOD.DLIN.CR.L1.NF.Z1,2022,0.0
GBR,DP.DOD.DLIN.CR.L1.NF.Z1,2023,0.0
GBR,DP.DOD.DLIN.CR.M1.NF.Z1,2021,0.03532416685341441
GBR,DP.DOD.DLIN.CR.M1.NF.Z1,2022,0.03211909458126484
GBR,DP.DOD.DLIN.CR.M1.NF.Z1,2023,0.03129795790477541
GBR,DP.DOD.DLIN.CR.NF.Z1,2021,0.03532416685341441
GBR,DP.DOD.DLIN.CR.NF.Z1,2022,0.03211909458126484
GBR,DP.DOD.DLIN.CR.NF.Z1,2023,0.03129795790477541
GBR,DP.DOD.DLLO.CR.NF.Z1,2021,0.7169749023524253
GBR,DP.DOD.DLLO.CR.NF.Z1,2022,0.6587197220381319
GBR,DP.DOD.DLLO.CR.NF.Z1,2023,0.6450136744787696
GBR,DP.DOD.DLOA.CR.NF.Z1,2021,0.8623047901251961
GBR,DP.DOD.DLOA.CR.NF.Z1,2022,0.8121747068826415
GBR,DP.DOD.DLOA.CR.NF.Z1,2023,0.737499280150606
GBR,DP.DOD.DSDS.CR.NF.Z1,2021,0.0
GBR,DP.DOD.DSDS.CR.NF.Z1,2022,0.0
GBR,DP.DOD.DSDS.CR.NF.Z1,2023,0.0
GBR,DP.DOD.DSIN.CR.NF.Z1,2021,0.0
GBR,DP.DOD.DSIN.CR.NF.Z1,2022,0.0
GBR,DP.DOD.DSIN.CR.NF.Z1,2023,0.0
GBR,DP.DOD.DSLO.CR.NF.Z1,2021,0.06281893474446996
GBR,DP.DOD.DSLO.CR.NF.Z1,2022,0.04887280648642993
GBR,DP.DOD.DSLO.CR.NF.Z1,2023,0.027842059888046444
GBR,DP.DOD.DSTC.CR.NF.Z1,2021,0.06281893474446996
GBR,DP.DOD.DSTC.CR.NF.Z1,2022,0.04887280648642993
GBR,DP.DOD.DSTC.CR.NF.Z1,2023,0.027842059888046444
GEO,DP.DOD.DECF.CR.NF.Z1,2021,9.690605949806216
GEO,DP.DOD.DECF.CR.NF.Z1,2022,6.8259600182290825
GEO,DP.DOD.DECF.CR.NF.Z1,2023,5.611473132835647
GEO,DP.DOD.DECT.CR.NF.Z1,2021,9.690605949806216
GEO,DP.DOD.DECT.CR.NF.Z1,2022,6.8259600182290825
GEO,DP.DOD.DECT.CR.NF.Z1,2023,5.611473132835647
GEO,DP.DOD.DECX.CR.NF.Z1,2021,9.690605949806216
GEO,DP.DOD.DECX.CR.NF.Z1,2022,6.8259600182290825
GEO,DP.DOD.DECX.CR.NF.Z1,2023,5.611473132835647
GEO,DP.DOD.DLDS.CR.M1.NF.Z1,2021,3.536173623973504
GEO,DP.DOD.DLDS.CR.M1.NF.Z1,2022,1.8379183366476697
GEO,DP.DOD.DLDS.CR.M1.NF.Z1,2023,1.498116497964675
GEO,DP.DOD.DLDS.CR.NF.Z1,2021,3.536173623973504
GEO,DP.DOD.DLDS.CR.NF.Z1,2022,1.8379183366476697
GEO,DP.DOD.DLDS.CR.NF.Z1,2023,1.498116497964675
GEO,DP.DOD.DLLO.CR.M1.NF.Z1,2021,6.154432325832712
GEO,DP.DOD.DLLO.CR.M1.NF.Z1,2022,4.9880416815814135
GEO,DP.DOD.DLLO.CR.M1.NF.Z1,2023,4.113356634870975
GEO,DP.DOD.DLLO.CR.NF.Z1,2021,6.154432325832712
GEO,DP.DOD.DLLO.CR.NF.Z1,2022,4.9880416815814135
GEO,DP.DOD.DLLO.CR.NF.Z1,2023,4.113356634870975
GEO,DP.DOD.DLTC.CR.M1.NF.Z1,2021,9.690605949806216
GEO,DP.DOD.DLTC.CR.M1.NF.Z1,2022,6.8259600182290825
GEO,DP.DOD.DLTC.CR.M1.NF.Z1,2023,5.611473132835647
GEO,DP.DOD.DLTC.CR.NF.Z1,2021,9.690605949806216
GEO,DP.DOD.DLTC.CR.NF.Z1,2022,6.8259600182290825
GEO,DP.DOD.DLTC.CR.NF.Z1,2023,5.611473132835647
GTM,DP.DOD.DECD.CR.NF.Z1,2021,0.0
GTM,DP.DOD.DECD.CR.NF.Z1,2022,0.0
GTM,DP.DOD.DECD.CR.NF.Z1,2023,0.0
GTM,DP.DOD.DECF.CR.NF.Z1,2021,0.03804556933268561
GTM,DP.DOD.DECF.CR.NF.Z1,2022,0.02643916610626837
GTM,DP.DOD.DECF.CR.NF.Z1,2023,0.01888402885025862
GTM,DP.DOD.DECN.CR.NF.Z1,2021,0.0
GTM,DP.DOD.DECN.CR.NF.Z1,2022,0.0
GTM,DP.DOD.DECN.CR.NF.Z1,2023,0.0
GTM,DP.DOD.DECT.CR.NF.Z1,2021,0.03804556933268561
GTM,DP.DOD.DECT.CR.NF.Z1,2022,0.02643916610626837
GTM,DP.DOD.DECT.CR.NF.Z1,2023,0.01888402885025862
GTM,DP.DOD.DECX.CR.NF.Z1,2021,0.03804556933268561
GTM,DP.DOD.DECX.CR.NF.Z1,2022,0.02643916610626837
GTM,DP.DOD.DECX.CR.NF.Z1,2023,0.01888402885025862
GTM,DP.DOD.DLDS.CR.L1.NF.Z1,2021,0.0
GTM,DP.DOD.DLDS.CR.L1.NF.Z1,2022,0.0
GTM,DP.DOD.DLDS.CR.L1.NF.Z1,2023,0.0
GTM,DP.DOD.DLDS.CR.M1.NF.Z1,2021,0.0
GTM,DP.DOD.DLDS.CR.M1.NF.Z1,2022,0.0
GTM,DP.DOD.DLDS.CR.M1.NF.Z1,2023,0.0
GTM,DP.DOD.DLLO.CR.L1.NF.Z1,2021,0.007099848151982265
GTM,DP.DOD.DLLO.CR.L1.NF.Z1,2022,0.005868207133785801
GTM,DP.DOD.DLLO.CR.L1.NF.Z1,2023,0.005097028375963647
GTM,DP.DOD.DLLO.CR.M1.NF.Z1,2021,0.030945721180703347
GTM,DP.DOD.DLLO.CR.M1.NF.Z1,2022,0.02057095897248257
GTM,DP.DOD.DLLO.CR.M1.NF.Z1,2023,0.013787000474294975
GTM,DP.DOD.DLLO.CR.NF.Z1,2021,0.03804556933268561
GTM,DP.DOD.DLLO.CR.NF.Z1,2022,0.02643916610626837
GTM,DP.DOD.DLLO.CR.NF.Z1,2023,0.01888402885025862
GTM,DP.DOD.DLTC.CR.L1.NF.Z1,2021,0.007099848151982265
GTM,DP.DOD.DLTC.CR.L1.NF.Z1,2022,0.005868207133785801
GTM,DP.DOD.DLTC.CR.L1.NF.Z1,2023,0.005097028375963647
GTM,DP.DOD.DLTC.CR.M1.NF.Z1,2021,0.030945721180703347
GTM,DP.DOD.DLTC.CR.M1.NF.Z1,2022,0.02057095897248257
GTM,DP.DOD.DLTC.CR.M1.NF.Z1,2023,0.013787000474294975
GTM,DP.DOD.DLTC.CR.NF.Z1,2021,0.03804556933268561
GTM,DP.DOD.DLTC.CR.NF.Z1,2022,0.02643916610626837
GTM,DP.DOD.DLTC.CR.NF.Z1,2023,0.01888402885025862
HND,DP.DOD.DECD.CR.NF.Z1,2021,9.52004211808053
HND,DP.DOD.DECD.CR.NF.Z1,2022,8.675708550867743
HND,DP.DOD.DECF.CR.NF.Z1,2021,6.4495907815684514
HND,DP.DOD.DECF.CR.NF.Z1,2022,5.780260144999662
HND,DP.DOD.DECN.CR.NF.Z1,2021,3.9562488172883117
HND,DP.DOD.DECN.CR.NF.Z1,2022,3.645652868585246
HND,DP.DOD.DECT.CR.NF.Z1,2021,10.405839598856762
HND,DP.DOD.DECT.CR.NF.Z1,2022,9.425913013584907
HND,DP.DOD.DECX.CR.NF.Z1,2021,0.8857974988014179
HND,DP.DOD.DECX.CR.NF.Z1,2022,0.7502044627171648
HND,DP.DOD.DLCD.CR.L1.NF.Z1,2021,0.0
HND,DP.DOD.DLCD.CR.L1.NF.Z1,2022,0.0
HND,DP.DOD.DLCD.CR.M1.NF.Z1,2021,0.0
HND,DP.DOD.DLCD.CR.M1.NF.Z1,2022,0.0
HND,DP.DOD.DLDS.CR.L1.NF.Z1,2021,0.0016370212169782902
HND,DP.DOD.DLDS.CR.L1.NF.Z1,2022,0.0
HND,DP.DOD.DLDS.CR.M1.NF.Z1,2021,1.778245529635163
HND,DP.DOD.DLDS.CR.M1.NF.Z1,2022,1.8803586585341783
HND,DP.DOD.DLDS.CR.NF.Z1,2021,1.7798825508521414
HND,DP.DOD.DLDS.CR.NF.Z1,2022,1.8803586585341783
HND,DP.DOD.DLIN.CR.L1.NF.Z1,2021,0.0
HND,DP.DOD.DLIN.CR.L1.NF.Z1,2022,0.0
HND,DP.DOD.DLIN.CR.M1.NF.Z1,2021,0.0
HND,DP.DOD.DLIN.CR.M1.NF.Z1,2022,0.0
HND,DP.DOD.DLLO.CR.L1.NF.Z1,2021,0.4228669861298797
HND,DP.DOD.DLLO.CR.L1.NF.Z1,2022,0.21232043809411016
HND,DP.DOD.DLLO.CR.M1.NF.Z1,2021,8.203090061874741
HND,DP.DOD.DLLO.CR.M1.NF.Z1,2022,7.333233916956619
HND,DP.DOD.DLLO.CR.NF.Z1,2021,8.625957048004622
HND,DP.DOD.DLLO.CR.NF.Z1,2022,7.54555435505073
HND,DP.DOD.DLOA.CR.L1.NF.Z1,2021,0.0
HND,DP.DOD.DLOA.CR.L1.NF.Z1,2022,0.0
HND,DP.DOD.DLOA.CR.M1.NF.Z1,2021,0.0
HND,DP.DOD.DLOA.CR.M1.NF.Z1,2022,0.0
HND,DP.DOD.DLSD.CR.M1.NF.Z1,2021,0.0
HND,DP.DOD.DLSD.CR.M1.NF.Z1,2022,0.0
HND,DP.DOD.DLSD.CR.NF.Z1,2021,0.0
HND,DP.DOD.DLSD.CR.NF.Z1,2022,0.0
HND,DP.DOD.DLTC.CR.L1.NF.Z1,2021,0.424504007346858
HND,DP.DOD.DLTC.CR.L1.NF.Z1,2022,0.21232043809411016
HND,DP.DOD.DLTC.CR.M1.NF.Z1,2021,9.981335591509906
HND,DP.DOD.DLTC.CR.M1.NF.Z1,2022,9.213592575490798
HND,DP.DOD.DLTC.CR.NF.Z1,2021,10.405839598856762
HND,DP.DOD.DLTC.CR.NF.Z1,2022,9.425913013584907
HND,DP.DOD.DSCD.CR.NF.Z1,2021,0.0
HND,DP.DOD.DSCD.CR.NF.Z1,2022,0.0
HND,DP.DOD.DSDS.CR.NF.Z1,2021,0.0
HND,DP.DOD.DSDS.CR.NF.Z1,2022,0.0
HND,DP.DOD.DSIN.CR.NF.Z1,2021,0.0
HND,DP.DOD.DSIN.CR.NF.Z1,2022,0.0
HND,DP.DOD.DSLO.CR.NF.Z1,2021,0.0
HND,DP.DOD.DSLO.CR.NF.Z1,2022,0.0
HND,DP.DOD.DSOA.CR.NF.Z1,2021,0.0
HND,DP.DOD.DSOA.CR.NF.Z1,2022,0.0
HND,DP.DOD.DSTC.CR.NF.Z1,2021,0.0
HND,DP.DOD.DSTC.CR.NF.Z1,2022,0.0
IDN,DP.DOD.DECD.CR.NF.Z1,2021,2.375755863916913
IDN,DP.DOD.DECD.CR.NF.Z1,2022,2.242587148363771
IDN,DP.DOD.DECD.CR.NF.Z1,2023,1.8968423052346488
IDN,DP.DOD.DECF.CR.NF.Z1,2021,4.3597968963876
IDN,DP.DOD.DECF.CR.NF.Z1,2022,3.8469462587584022
IDN,DP.DOD.DECF.CR.NF.Z1,2023,3.3216163783368033
IDN,DP.DOD.DECN.CR.NF.Z1,2021,2.0551611215283248
IDN,DP.DOD.DECN.CR.NF.Z1,2022,1.8062065478226106
IDN,DP.DOD.DECN.CR.NF.Z1,2023,1.4936537996731543
IDN,DP.DOD.DECT.CR.NF.Z1,2021,6.414958209455361
IDN,DP.DOD.DECT.CR.NF.Z1,2022,5.653152806581014
IDN,DP.DOD.DECT.CR.NF.Z1,2023,4.815270178009957
IDN,DP.DOD.DECX.CR.NF.Z1,2021,4.039202153999012
IDN,DP.DOD.DECX.CR.NF.Z1,2022,3.4105656582172403
IDN,DP.DOD.DECX.CR.NF.Z1,2023,2.918427872775309
IDN,DP.DOD.DLCD.CR.L1.NF.Z1,2021,0.0
IDN,DP.DOD.DLCD.CR.L1.NF.Z1,2022,0.0
IDN,DP.DOD.DLCD.CR.L1.NF.Z1,2023,0.0
IDN,DP.DOD.DLCD.CR.M1.NF.Z1,2021,0.0
IDN,DP.DOD.DLCD.CR.M1.NF.Z1,2022,0.0
IDN,DP.DOD.DLCD.CR.M1.NF.Z1,2023,0.0
IDN,DP.DOD.DLDS.CR.L1.NF.Z1,2021,0.19602355909738461
IDN,DP.DOD.DLDS.CR.L1.NF.Z1,2022,0.1574313193987873
IDN,DP.DOD.DLDS.CR.L1.NF.Z1,2023,0.15657039781425283
IDN,DP.DOD.DLDS.CR.M1.NF.Z1,2021,2.91814900313037
IDN,DP.DOD.DLDS.CR.M1.NF.Z1,2022,2.428475939069124
IDN,DP.DOD.DLDS.CR.M1.NF.Z1,2023,2.0757499890317295
IDN,DP.DOD.DLDS.CR.NF.Z1,2021,3.1141725622277536
IDN,DP.DOD.DLDS.CR.NF.Z1,2022,2.5859072584679117
IDN,DP.DOD.DLDS.CR.NF.Z1,2023,2.232320386845982
IDN,DP.DOD.DLIN.CR.L1.NF.Z1,2021,0.0
IDN,DP.DOD.DLIN.CR.L1.NF.Z1,2022,0.0
IDN,DP.DOD.DLIN.CR.L1.NF.Z1,2023,0.0
IDN,DP.DOD.DLIN.CR.M1.NF.Z1,2021,0.0
IDN,DP.DOD.DLIN.CR.M1.NF.Z1,2022,0.0
IDN,DP.DOD.DLIN.CR.M1.NF.Z1,2023,0.0
IDN,DP.DOD.DLLO.CR.L1.NF.Z1,2021,0.30257433191123856
IDN,DP.DOD.DLLO.CR.L1.NF.Z1,2022,0.29477086559749605
IDN,DP.DOD.DLLO.CR.L1.NF.Z1,2023,0.24580102624526046
IDN,DP.DOD.DLLO.CR.M1.NF.Z1,2021,2.278387292704833
IDN,DP.DOD.DLLO.CR.M1.NF.Z1,2022,2.1333169020385316
IDN,DP.DOD.DLLO.CR.M1.NF.Z1,2023,1.8911081468915603
IDN,DP.DOD.DLLO.CR.NF.Z1,2021,3.0547153372928495
IDN,DP.DOD.DLLO.CR.NF.Z1,2022,2.8515748183979115
IDN,DP.DOD.DLLO.CR.NF.Z1,2023,2.4766791487028823
IDN,DP.DOD.DLOA.CR.L1.NF.Z1,2021,3.875908175862106e-07
IDN,DP.DOD.DLOA.CR.L1.NF.Z1,2022,0.0
IDN,DP.DOD.DLOA.CR.L1.NF.Z1,2023,0.0
IDN,DP.DOD.DLOA.CR.M1.NF.Z1,2021,0.0005221191500813787
IDN,DP.DOD.DLOA.CR.M1.NF.Z1,2022,0.0
IDN,DP.DOD.DLOA.CR.M1.NF.Z1,2023,0.0
IDN,DP.DOD.DLOA.CR.NF.Z1,2021,0.2460703099347571
IDN,DP.DOD.DLOA.CR.NF.Z1,2022,0.21567072971519116
IDN,DP.DOD.DLOA.CR.NF.Z1,2023,0.10627064246109325
IDN,DP.DOD.DLSD.CR.M1.NF.Z1,2021,0.0
IDN,DP.DOD.DLSD.CR.M1.NF.Z1,2022,0.0
IDN,DP.DOD.DLSD.CR.M1.NF.Z1,2023,0.0
IDN,DP.DOD.DLTC.CR.L1.NF.Z1,2021,0.49859827859944117
IDN,DP.DOD.DLTC.CR.L1.NF.Z1,2022,0.4522021849962838
IDN,DP.DOD.DLTC.CR.L1.NF.Z1,2023,0.4023714240595133
IDN,DP.DOD.DLTC.CR.M1.NF.Z1,2021,5.197058414985284
IDN,DP.DOD.DLTC.CR.M1.NF.Z1,2022,4.561792841107655
IDN,DP.DOD.DLTC.CR.M1.NF.Z1,2023,3.9668581359232875
IDN,DP.DOD.DLTC.CR.NF.Z1,2021,5.695656693584725
IDN,DP.DOD.DLTC.CR.NF.Z1,2022,5.013995026103943
IDN,DP.DOD.DLTC.CR.NF.Z1,2023,4.369229559982802
IDN,DP.DOD.DSCD.CR.NF.Z1,2021,0.0
IDN,DP.DOD.DSCD.CR.NF.Z1,2022,0.0
IDN,DP.DOD.DSCD.CR.NF.Z1,2023,0.0
IDN,DP.DOD.DSDS.CR.NF.Z1,2021,0.0
IDN,DP.DOD.DSDS.CR.NF.Z1,2022,0.0
IDN,DP.DOD.DSDS.CR.NF.Z1,2023,0.0
IDN,DP.DOD.DSIN.CR.NF.Z1,2021,0.0
IDN,DP.DOD.DSIN.CR.NF.Z1,2022,0.0
IDN,DP.DOD.DSIN.CR.NF.Z1,2023,0.0
IDN,DP.DOD.DSLO.CR.NF.Z1,2021,0.47375371267677635
IDN,DP.DOD.DSLO.CR.NF.Z1,2022,0.42348705076188253
IDN,DP.DOD.DSLO.CR.NF.Z1,2023,0.3397699755660629
IDN,DP.DOD.DSOA.CR.NF.Z1,2021,0.2455478031938581
IDN,DP.DOD.DSOA.CR.NF.Z1,2022,0.21567072971519116
IDN,DP.DOD.DSOA.CR.NF.Z1,2023,0.10627064246109325
IDN,DP.DOD.DSTC.CR.NF.Z1,2021,0.7193015158706344
IDN,DP.DOD.DSTC.CR.NF.Z1,2022,0.6391577804770742
IDN,DP.DOD.DSTC.CR.NF.Z1,2023,0.44604061802715556
JPN,DP.DOD.DECT.CR.NF.Z1,2021,17.298816274138137
JPN,DP.DOD.DECT.CR.NF.Z1,2022,17.21736807215779
JPN,DP.DOD.DECT.CR.NF.Z1,2023,16.983270182485654
JPN,DP.DOD.DLCD.CR.L1.NF.Z1,2021,0.0
JPN,DP.DOD.DLCD.CR.L1.NF.Z1,2022,0.0
JPN,DP.DOD.DLCD.CR.L1.NF.Z1,2023,0.0
JPN,DP.DOD.DLCD.CR.M1.NF.Z1,2021,0.0
JPN,DP.DOD.DLCD.CR.M1.NF.Z1,2022,0.0
JPN,DP.DOD.DLCD.CR.M1.NF.Z1,2023,0.0
JPN,DP.DOD.DLDS.CR.MV.NF.Z1,2021,2.2898714901252823
JPN,DP.DOD.DLDS.CR.MV.NF.Z1,2022,2.2212305717151386
JPN,DP.DOD.DLDS.CR.MV.NF.Z1,2023,2.074015600960922
JPN,DP.DOD.DLDS.CR.NF.Z1,2021,2.2161366042449067
JPN,DP.DOD.DLDS.CR.NF.Z1,2022,2.21274321321588
JPN,DP.DOD.DLDS.CR.NF.Z1,2023,2.0975204532543628
JPN,DP.DOD.DLIN.CR.L1.NF.Z1,2021,0.0
JPN,DP.DOD.DLIN.CR.L1.NF.Z1,2022,0.0
JPN,DP.DOD.DLIN.CR.L1.NF.Z1,2023,0.0
JPN,DP.DOD.DLIN.CR.M1.NF.Z1,2021,0.0
JPN,DP.DOD.DLIN.CR.M1.NF.Z1,2022,0.0
JPN,DP.DOD.DLIN.CR.M1.NF.Z1,2023,0.0
JPN,DP.DOD.DLIN.CR.NF.Z1,2021,0.0
JPN,DP.DOD.DLIN.CR.NF.Z1,2022,0.0
JPN,DP.DOD.DLIN.CR.NF.Z1,2023,0.0
JPN,DP.DOD.DLLO.CR.NF.Z1,2021,13.070130265701486
JPN,DP.DOD.DLLO.CR.NF.Z1,2022,12.91741154738901
JPN,DP.DOD.DLLO.CR.NF.Z1,2023,12.51693087653258
JPN,DP.DOD.DLOA.CR.NF.Z1,2021,2.012549404191743
JPN,DP.DOD.DLOA.CR.NF.Z1,2022,2.087213311552901
JPN,DP.DOD.DLOA.CR.NF.Z1,2023,2.3688188526987095
JPN,DP.DOD.DLSD.CR.M1.NF.Z1,2021,0.0
JPN,DP.DOD.DLSD.CR.M1.NF.Z1,2022,0.0
JPN,DP.DOD.DLSD.CR.M1.NF.Z1,2023,0.0
JPN,DP.DOD.DLSD.CR.NF.Z1,2021,0.0
JPN,DP.DOD.DLSD.CR.NF.Z1,2022,0.0
JPN,DP.DOD.DLSD.CR.NF.Z1,2023,0.0
JPN,DP.DOD.DLTC.CR.L1.NF.Z1,2021,0.0
JPN,DP.DOD.DLTC.CR.L1.NF.Z1,2022,0.0
JPN,DP.DOD.DLTC.CR.L1.NF.Z1,2023,0.0
JPN,DP.DOD.DLTC.CR.M1.NF.Z1,2021,0.0
JPN,DP.DOD.DLTC.CR.M1.NF.Z1,2022,0.0
JPN,DP.DOD.DLTC.CR.M1.NF.Z1,2023,0.0
JPN,DP.DOD.DLTC.CR.NF.Z1,2021,0.0
JPN,DP.DOD.DLTC.CR.NF.Z1,2022,0.0
JPN,DP.DOD.DLTC.CR.NF.Z1,2023,0.0
JPN,DP.DOD.DSCD.CR.NF.Z1,2021,0.0
JPN,DP.DOD.DSCD.CR.NF.Z1,2022,0.0
JPN,DP.DOD.DSCD.CR.NF.Z1,2023,0.0
JPN,DP.DOD.DSDS.CR.NF.Z1,2021,0.0
JPN,DP.DOD.DSDS.CR.NF.Z1,2022,0.0
JPN,DP.DOD.DSDS.CR.NF.Z1,2023,0.0
JPN,DP.DOD.DSIN.CR.NF.Z1,2021,0.0
JPN,DP.DOD.DSIN.CR.NF.Z1,2022,0.0
JPN,DP.DOD.DSIN.CR.NF.Z1,2023,0.0
JPN,DP.DOD.DSTC.CR.NF.Z1,2021,0.0
JPN,DP.DOD.DSTC.CR.NF.Z1,2022,0.0
JPN,DP.DOD.DSTC.CR.NF.Z1,2023,0.0
KAZ,DP.DOD.DECD.CR.NF.Z1,2021,0.0
KAZ,DP.DOD.DECD.CR.NF.Z1,2022,0.0
KAZ,DP.DOD.DECD.CR.NF.Z1,2023,0.0
KAZ,DP.DOD.DECF.CR.NF.Z1,2021,9.315493583757595
KAZ,DP.DOD.DECF.CR.NF.Z1,2022,6.488489146893095
KAZ,DP.DOD.DECF.CR.NF.Z1,2023,4.9707117407687305
KAZ,DP.DOD.DECN.CR.NF.Z1,2021,0.48204902383539694
KAZ,DP.DOD.DECN.CR.NF.Z1,2022,0.4366792803855546
KAZ,DP.DOD.DECN.CR.NF.Z1,2023,0.42987121448559523
KAZ,DP.DOD.DECT.CR.NF.Z1,2021,9.797542607592991
KAZ,DP.DOD.DECT.CR.NF.Z1,2022,6.925168427278651
KAZ,DP.DOD.DECT.CR.NF.Z1,2023,5.4005829552543245
KAZ,DP.DOD.DECX.CR.NF.Z1,2021,9.797542607592987
KAZ,DP.DOD.DECX.CR.NF.Z1,2022,6.925168427278651
KAZ,DP.DOD.DECX.CR.NF.Z1,2023,5.4005829552543245
KAZ,DP.DOD.DLCD.CR.L1.NF.Z1,2021,0.0
KAZ,DP.DOD.DLCD.CR.L1.NF.Z1,2022,0.0
KAZ,DP.DOD.DLCD.CR.L1.NF.Z1,2023,0.0
KAZ,DP.DOD.DLCD.CR.M1.NF.Z1,2021,0.0
KAZ,DP.DOD.DLCD.CR.M1.NF.Z1,2022,0.0
KAZ,DP.DOD.DLCD.CR.M1.NF.Z1,2023,0.0
KAZ,DP.DOD.DLDS.CR.L1.NF.Z1,2021,0.08455738254401006
KAZ,DP.DOD.DLDS.CR.L1.NF.Z1,2022,0.05441424372309906
KAZ,DP.DOD.DLDS.CR.L1.NF.Z1,2023,0.1049033888908945
KAZ,DP.DOD.DLDS.CR.M1.NF.Z1,2021,5.630083367151814
KAZ,DP.DOD.DLDS.CR.M1.NF.Z1,2022,3.599321227241446
KAZ,DP.DOD.DLDS.CR.M1.NF.Z1,2023,2.55509293917074
KAZ,DP.DOD.DLDS.CR.NF.Z1,2021,5.7146407496958265
KAZ,DP.DOD.DLDS.CR.NF.Z1,2022,3.653735470964545
KAZ,DP.DOD.DLDS.CR.NF.Z1,2023,2.659996328061631
KAZ,DP.DOD.DLIN.CR.L1.NF.Z1,2021,0.0
KAZ,DP.DOD.DLIN.CR.L1.NF.Z1,2022,0.0
KAZ,DP.DOD.DLIN.CR.L1.NF.Z1,2023,0.0
KAZ,DP.DOD.DLIN.CR.M1.NF.Z1,2021,0.0
KAZ,DP.DOD.DLIN.CR.M1.NF.Z1,2022,0.0
KAZ,DP.DOD.DLIN.CR.M1.NF.Z1,2023,0.0
KAZ,DP.DOD.DLLO.CR.L1.NF.Z1,2021,0.48486439396693903
KAZ,DP.DOD.DLLO.CR.L1.NF.Z1,2022,0.2314561637655384
KAZ,DP.DOD.DLLO.CR.L1.NF.Z1,2023,0.2497854352512708
KAZ,DP.DOD.DLLO.CR.M1.NF.Z1,2021,3.055597811960181
KAZ,DP.DOD.DLLO.CR.M1.NF.Z1,2022,2.799520062493124
KAZ,DP.DOD.DLLO.CR.M1.NF.Z1,2023,2.343038508630174
KAZ,DP.DOD.DLLO.CR.NF.Z1,2021,3.585087007634635
KAZ,DP.DOD.DLLO.CR.NF.Z1,2022,3.070745549794955
KAZ,DP.DOD.DLLO.CR.NF.Z1,2023,2.609150991341162
KAZ,DP.DOD.DLOA.CR.L1.NF.Z1,2021,0.0
KAZ,DP.DOD.DLOA.CR.L1.NF.Z1,2022,0.0
KAZ,DP.DOD.DLOA.CR.L1.NF.Z1,2023,0.0
KAZ,DP.DOD.DLOA.CR.M1.NF.Z1,2021,0.0889770226097592
KAZ,DP.DOD.DLOA.CR.M1.NF.Z1,2022,0.06183286902798717
KAZ,DP.DOD.DLOA.CR.M1.NF.Z1,2023,0.025297005878942333
KAZ,DP.DOD.DLOA.CR.NF.Z1,2021,0.4978148502625299
KAZ,DP.DOD.DLOA.CR.NF.Z1,2022,0.20068740651915146
KAZ,DP.DOD.DLOA.CR.NF.Z1,2023,0.13143563585153062
KAZ,DP.DOD.DLSD.CR.M1.NF.Z1,2021,0.0
KAZ,DP.DOD.DLSD.CR.M1.NF.Z1,2022,0.0
KAZ,DP.DOD.DLSD.CR.M1.NF.Z1,2023,0.0
KAZ,DP.DOD.DLTC.CR.L1.NF.Z1,2021,0.569421776510949
KAZ,DP.DOD.DLTC.CR.L1.NF.Z1,2022,0.28587040748863735
KAZ,DP.DOD.DLTC.CR.L1.NF.Z1,2023,0.35468882414216524
KAZ,DP.DOD.DLTC.CR.M1.NF.Z1,2021,8.774658201721754
KAZ,DP.DOD.DLTC.CR.M1.NF.Z1,2022,6.460674158762554
KAZ,DP.DOD.DLTC.CR.M1.NF.Z1,2023,4.92342845367985
KAZ,DP.DOD.DLTC.CR.NF.Z1,2021,9.344079978232703
KAZ,DP.DOD.DLTC.CR.NF.Z1,2022,6.746544566251192
KAZ,DP.DOD.DLTC.CR.NF.Z1,2023,5.278117277822018
KAZ,DP.DOD.DSCD.CR.NF.Z1,2021,0.0
KAZ,DP.DOD.DSCD.CR.NF.Z1,2022,0.0
KAZ,DP.DOD.DSCD.CR.NF.Z1,2023,0.0
KAZ,DP.DOD.DSDS.CR.NF.Z1,2021,0.0
KAZ,DP.DOD.DSDS.CR.NF.Z1,2022,0.0
KAZ,DP.DOD.DSDS.CR.NF.Z1,2023,0.0
KAZ,DP.DOD.DSIN.CR.NF.Z1,2021,0.0
KAZ,DP.DOD.DSIN.CR.NF.Z1,2022,0.0
KAZ,DP.DOD.DSIN.CR.NF.Z1,2023,0.0
KAZ,DP.DOD.DSLO.CR.NF.Z1,2021,0.04462480170751719
KAZ,DP.DOD.DSLO.CR.NF.Z1,2022,0.03976932353629416
KAZ,DP.DOD.DSLO.CR.NF.Z1,2023,0.016327047459718223
KAZ,DP.DOD.DSOA.CR.NF.Z1,2021,0.40883782765277066
KAZ,DP.DOD.DSOA.CR.NF.Z1,2022,0.13885453749116408
KAZ,DP.DOD.DSOA.CR.NF.Z1,2023,0.10613862997258827
KAZ,DP.DOD.DSTC.CR.NF.Z1,2021,0.45346262936028786
KAZ,DP.DOD.DSTC.CR.NF.Z1,2022,0.1786238610274584
KAZ,DP.DOD.DSTC.CR.NF.Z1,2023,0.12246567743230652
KEN,DP.DOD.DECD.CR.NF.Z1,2021,0.0
KEN,DP.DOD.DECD.CR.NF.Z1,2022,0.0
KEN,DP.DOD.DECD.CR.NF.Z1,2023,0.0
KEN,DP.DOD.DECF.CR.NF.Z1,2021,1.3987390149696666
KEN,DP.DOD.DECF.CR.NF.Z1,2022,1.1415275761403134
KEN,DP.DOD.DECF.CR.NF.Z1,2023,1.1840473240633154
KEN,DP.DOD.DECN.CR.NF.Z1,2021,0.0
KEN,DP.DOD.DECN.CR.NF.Z1,2022,0.0
KEN,DP.DOD.DECN.CR.NF.Z1,2023,0.0
KEN,DP.DOD.DECT.CR.NF.Z1,2021,1.3987390149696666
KEN,DP.DOD.DECT.CR.NF.Z1,2022,1.1415275761403134
KEN,DP.DOD.DECT.CR.NF.Z1,2023,1.1840473240633154
KEN,DP.DOD.DECX.CR.NF.Z1,2021,1.3987390149696666
KEN,DP.DOD.DECX.CR.NF.Z1,2022,1.1415275761403134
KEN,DP.DOD.DECX.CR.NF.Z1,2023,1.1840473240633154
KEN,DP.DOD.DLDS.CR.L1.NF.Z1,2021,0.0
KEN,DP.DOD.DLDS.CR.L1.NF.Z1,2022,0.0
KEN,DP.DOD.DLDS.CR.L1.NF.Z1,2023,0.0
KEN,DP.DOD.DLDS.CR.M1.NF.Z1,2021,0.0
KEN,DP.DOD.DLDS.CR.M1.NF.Z1,2022,0.0
KEN,DP.DOD.DLDS.CR.M1.NF.Z1,2023,0.0
KEN,DP.DOD.DLLO.CR.L1.NF.Z1,2021,0.04961558712460064
KEN,DP.DOD.DLLO.CR.L1.NF.Z1,2022,0.1620662086967855
KEN,DP.DOD.DLLO.CR.L1.NF.Z1,2023,0.17979374128947412
KEN,DP.DOD.DLLO.CR.M1.NF.Z1,2021,1.349123427845066
KEN,DP.DOD.DLLO.CR.M1.NF.Z1,2022,0.979461367443528
KEN,DP.DOD.DLLO.CR.M1.NF.Z1,2023,1.0042535827738412
KEN,DP.DOD.DLLO.CR.NF.Z1,2021,1.3987390149696666
KEN,DP.DOD.DLLO.CR.NF.Z1,2022,1.1415275761403134
KEN,DP.DOD.DLLO.CR.NF.Z1,2023,1.1840473240633154
KEN,DP.DOD.DLTC.CR.L1.NF.Z1,2021,0.04961558712460064
KEN,DP.DOD.DLTC.CR.L1.NF.Z1,2022,0.1620662086967855
KEN,DP.DOD.DLTC.CR.L1.NF.Z1,2023,0.17979374128947412
KEN,DP.DOD.DLTC.CR.M1.NF.Z1,2021,1.349123427845066
KEN,DP.DOD.DLTC.CR.M1.NF.Z1,2022,0.979461367443528
KEN,DP.DOD.DLTC.CR.M1.NF.Z1,2023,1.0042535827738412
KEN,DP.DOD.DLTC.CR.NF.Z1,2021,1.3987390149696666
KEN,DP.DOD.DLTC.CR.NF.Z1,2022,1.1415275761403134
KEN,DP.DOD.DLTC.CR.NF.Z1,2023,1.1840473240633154
KEN,DP.DOD.DSDS.CR.NF.Z1,2021,0.0
KEN,DP.DOD.DSDS.CR.NF.Z1,2022,0.0
KEN,DP.DOD.DSDS.CR.NF.Z1,2023,0.0
KEN,DP.DOD.DSLO.CR.NF.Z1,2021,0.0
KEN,DP.DOD.DSLO.CR.NF.Z1,2022,0.0
KEN,DP.DOD.DSLO.CR.NF.Z1,2023,0.0
KOR,DP.DOD.DECD.CR.NF.Z1,2021,17.84189942592284
KOR,DP.DOD.DECD.CR.NF.Z1,2022,20.17173542523047
KOR,DP.DOD.DECF.CR.NF.Z1,2021,2.310229115268154
KOR,DP.DOD.DECF.CR.NF.Z1,2022,2.6037084590706567
KOR,DP.DOD.DECN.CR.NF.Z1,2021,17.47920652069712
KOR,DP.DOD.DECN.CR.NF.Z1,2022,19.66287741047732
KOR,DP.DOD.DECT.CR.NF.Z1,2021,19.78943563596527
KOR,DP.DOD.DECT.CR.NF.Z1,2022,22.266585869547974
KOR,DP.DOD.DECX.CR.NF.Z1,2021,1.9475362100424498
KOR,DP.DOD.DECX.CR.NF.Z1,2022,2.094850444317506
KOR,DP.DOD.DLCD.CR.L1.NF.Z1,2021,0.0
KOR,DP.DOD.DLCD.CR.L1.NF.Z1,2022,0.0
KOR,DP.DOD.DLCD.CR.M1.NF.Z1,2021,0.0
KOR,DP.DOD.DLCD.CR.M1.NF.Z1,2022,0.0
KOR,DP.DOD.DLDS.CR.L1.NF.Z1,2021,1.1542315257092424
KOR,DP.DOD.DLDS.CR.L1.NF.Z1,2022,1.2536199403863058
KOR,DP.DOD.DLDS.CR.M1.NF.Z1,2021,9.279244110579848
KOR,DP.DOD.DLDS.CR.M1.NF.Z1,2022,10.392024343562897
KOR,DP.DOD.DLDS.CR.NF.Z1,2021,10.46182890190156
KOR,DP.DOD.DLDS.CR.NF.Z1,2022,11.667136313877831
KOR,DP.DOD.DLIN.CR.L1.NF.Z1,2021,0.0
KOR,DP.DOD.DLIN.CR.L1.NF.Z1,2022,0.0
KOR,DP.DOD.DLIN.CR.M1.NF.Z1,2021,0.0
KOR,DP.DOD.DLIN.CR.M1.NF.Z1,2022,0.0
KOR,DP.DOD.DLIN.CR.NF.Z1,2021,0.0
KOR,DP.DOD.DLIN.CR.NF.Z1,2022,0.0
KOR,DP.DOD.DLLO.CR.L1.NF.Z1,2021,0.25892836527955865
KOR,DP.DOD.DLLO.CR.L1.NF.Z1,2022,0.3794736768971179
KOR,DP.DOD.DLLO.CR.M1.NF.Z1,2021,2.5242626040682064
KOR,DP.DOD.DLLO.CR.M1.NF.Z1,2022,2.7142696504479877
KOR,DP.DOD.DLLO.CR.NF.Z1,2021,3.40700697729101
KOR,DP.DOD.DLLO.CR.NF.Z1,2022,4.7179878091794345
KOR,DP.DOD.DLOA.CR.L1.NF.Z1,2021,0.0
KOR,DP.DOD.DLOA.CR.L1.NF.Z1,2022,0.0
KOR,DP.DOD.DLOA.CR.M1.NF.Z1,2021,2.4134264902871982
KOR,DP.DOD.DLOA.CR.M1.NF.Z1,2022,2.3442621161310133
KOR,DP.DOD.DLOA.CR.NF.Z1,2021,5.920599756772701
KOR,DP.DOD.DLOA.CR.NF.Z1,2022,5.881461746490708
KOR,DP.DOD.DLSD.CR.M1.NF.Z1,2021,0.0
KOR,DP.DOD.DLSD.CR.M1.NF.Z1,2022,0.0
KOR,DP.DOD.DLSD.CR.NF.Z1,2021,0.0
KOR,DP.DOD.DLSD.CR.NF.Z1,2022,0.0
KOR,DP.DOD.DLTC.CR.L1.NF.Z1,2021,1.413159890988801
KOR,DP.DOD.DLTC.CR.L1.NF.Z1,2022,1.6330936172834236
KOR,DP.DOD.DLTC.CR.M1.NF.Z1,2021,14.21693320493525
KOR,DP.DOD.DLTC.CR.M1.NF.Z1,2022,15.450556110141896
KOR,DP.DOD.DLTC.CR.NF.Z1,2021,15.630093095924053
KOR,DP.DOD.DLTC.CR.NF.Z1,2022,17.08364972742532
KOR,DP.DOD.DSCD.CR.NF.Z1,2021,0.0
KOR,DP.DOD.DSCD.CR.NF.Z1,2022,0.0
KOR,DP.DOD.DSDS.CR.NF.Z1,2021,0.028353265612469973
KOR,DP.DOD.DSDS.CR.NF.Z1,2022,0.021492029928631414
KOR,DP.DOD.DSIN.CR.NF.Z1,2021,0.0
KOR,DP.DOD.DSIN.CR.NF.Z1,2022,0.0
KOR,DP.DOD.DSLO.CR.NF.Z1,2021,0.6238160079432453
KOR,DP.DOD.DSLO.CR.NF.Z1,2022,1.6242444818343291
KOR,DP.DOD.DSOA.CR.NF.Z1,2021,3.507173266485501
KOR,DP.DOD.DSOA.CR.NF.Z1,2022,3.537199630359696
KOR,DP.DOD.DSTC.CR.NF.Z1,2021,4.159342540041217
KOR,DP.DOD.DSTC.CR.NF.Z1,2022,5.1829361421226565
LTU,DP.DOD.DECD.CR.NF.Z1,2021,0.6900814865348815
LTU,DP.DOD.DECD.CR.NF.Z1,2022,0.5354915836557885
LTU,DP.DOD.DECD.CR.NF.Z1,2023,0.44037055856786145
LTU,DP.DOD.DECF.CR.NF.Z1,2021,0.5108784972391127
LTU,DP.DOD.DECF.CR.NF.Z1,2022,0.40811325064960674
LTU,DP.DOD.DECF.CR.NF.Z1,2023,0.2850825401534479
LTU,DP.DOD.DECN.CR.NF.Z1,2021,1.130275485559008
LTU,DP.DOD.DECN.CR.NF.Z1,2022,1.0125656734169748
LTU,DP.DOD.DECN.CR.NF.Z1,2023,0.9774326287258122
LTU,DP.DOD.DECX.CR.NF.Z1,2021,0.9510724962632392
LTU,DP.DOD.DECX.CR.NF.Z1,2022,0.885187340410793
LTU,DP.DOD.DECX.CR.NF.Z1,2023,0.8221446103113985
LTU,DP.DOD.DLLO.CR.L1.NF.Z1,2021,0.06628943068234497
LTU,DP.DOD.DLLO.CR.L1.NF.Z1,2022,0.08513818583804421
LTU,DP.DOD.DLLO.CR.L1.NF.Z1,2023,0.016752584440540355
LTU,DP.DOD.DLLO.CR.M1.NF.Z1,2021,1.483268298901854
LTU,DP.DOD.DLLO.CR.M1.NF.Z1,2022,1.2989542800283038
LTU,DP.DOD.DLLO.CR.M1.NF.Z1,2023,1.2110471472197608
LTU,DP.DOD.DLLO.CR.NF.Z1,2021,1.6411539827981207
LTU,DP.DOD.DLLO.CR.NF.Z1,2022,1.4206789240665816
LTU,DP.DOD.DLLO.CR.NF.Z1,2023,1.2625151688792602
LTU,DP.DOD.DSLO.CR.NF.Z1,2021,0.09159625321392173
LTU,DP.DOD.DSLO.CR.NF.Z1,2022,0.03658645820023358
LTU,DP.DOD.DSLO.CR.NF.Z1,2023,0.034715437218958874
MDA,DP.DOD.DECD.CR.NF.Z1,2021,1.3896639582889951
MDA,DP.DOD.DECD.CR.NF.Z1,2022,1.4323325172898937
MDA,DP.DOD.DECD.CR.NF.Z1,2023,2.13463229808861
MDA,DP.DOD.DECF.CR.NF.Z1,2021,1.1877064384840559
MDA,DP.DOD.DECF.CR.NF.Z1,2022,1.3588680922345457
MDA,DP.DOD.DECF.CR.NF.Z1,2023,2.074606792599897
MDA,DP.DOD.DECN.CR.NF.Z1,2021,0.4587022339244198
MDA,DP.DOD.DECN.CR.NF.Z1,2022,0.28022223956163705
MDA,DP.DOD.DECN.CR.NF.Z1,2023,0.21841406468971744
MDA,DP.DOD.DECT.CR.NF.Z1,2021,1.6464037925565558
MDA,DP.DOD.DECT.CR.NF.Z1,2022,1.63909033168034
MDA,DP.DOD.DECT.CR.NF.Z1,2023,2.2930208571581434
MDA,DP.DOD.DECX.CR.NF.Z1,2021,0.25673983426756064
MDA,DP.DOD.DECX.CR.NF.Z1,2022,0.20675781449865183
MDA,DP.DOD.DECX.CR.NF.Z1,2023,0.1583885592010036
MDA,DP.DOD.DLLO.CR.L1.NF.Z1,2021,0.4904184941511903
MDA,DP.DOD.DLLO.CR.L1.NF.Z1,2022,0.49666164137089336
MDA,DP.DOD.DLLO.CR.L1.NF.Z1,2023,0.9106541308594609
MDA,DP.DOD.DLLO.CR.M1.NF.Z1,2021,1.1559852984053665
MDA,DP.DOD.DLLO.CR.M1.NF.Z1,2022,1.142428690309447
MDA,DP.DOD.DLLO.CR.M1.NF.Z1,2023,1.3823667262986827
MDA,DP.DOD.DLLO.CR.NF.Z1,2021,1.6464037925565558
MDA,DP.DOD.DLLO.CR.NF.Z1,2022,1.63909033168034
MDA,DP.DOD.DLLO.CR.NF.Z1,2023,2.2930208571581434
MDA,DP.DOD.DLTC.CR.L1.NF.Z1,2021,0.4904184941511903
MDA,DP.DOD.DLTC.CR.L1.NF.Z1,2022,0.49666164137089336
MDA,DP.DOD.DLTC.CR.L1.NF.Z1,2023,0.9106541308594609
MDA,DP.DOD.DLTC.CR.M1.NF.Z1,2021,1.1559852984053665
MDA,DP.DOD.DLTC.CR.M1.NF.Z1,2022,1.142428690309447
MDA,DP.DOD.DLTC.CR.M1.NF.Z1,2023,1.3823667262986827
MDA,DP.DOD.DLTC.CR.NF.Z1,2021,1.6464037925565558
MDA,DP.DOD.DLTC.CR.NF.Z1,2022,1.63909033168034
MDA,DP.DOD.DLTC.CR.NF.Z1,2023,2.2930208571581434
MEX,DP.DOD.DECD.CR.NF.Z1,2021,1.4560151503067915
MEX,DP.DOD.DECD.CR.NF.Z1,2022,1.3218820013839974
MEX,DP.DOD.DECD.CR.NF.Z1,2023,1.264930185277339
MEX,DP.DOD.DECF.CR.NF.Z1,2021,8.045051141619533
MEX,DP.DOD.DECF.CR.NF.Z1,2022,6.736653017686034
MEX,DP.DOD.DECF.CR.NF.Z1,2023,5.1789588411070735
MEX,DP.DOD.DECN.CR.NF.Z1,2021,1.3113918094368757
MEX,DP.DOD.DECN.CR.NF.Z1,2022,1.1748632588034083
MEX,DP.DOD.DECN.CR.NF.Z1,2023,1.1681353449518674
MEX,DP.DOD.DECT.CR.NF.Z1,2021,9.356444922089537
MEX,DP.DOD.DECT.CR.NF.Z1,2022,7.911516276489443
MEX,DP.DOD.DECT.CR.NF.Z1,2023,6.347092571259687
MEX,DP.DOD.DECX.CR.NF.Z1,2021,7.900428737428849
MEX,DP.DOD.DECX.CR.NF.Z1,2022,6.589634275105446
MEX,DP.DOD.DECX.CR.NF.Z1,2023,5.0821632159894
MEX,DP.DOD.DLDS.CR.L1.NF.Z1,2021,0.4138800394129527
MEX,DP.DOD.DLDS.CR.L1.NF.Z1,2022,0.29873301288379706
MEX,DP.DOD.DLDS.CR.L1.NF.Z1,2023,0.3396253461173628
MEX,DP.DOD.DLDS.CR.M1.NF.Z1,2021,7.349755479895246
MEX,DP.DOD.DLDS.CR.M1.NF.Z1,2022,6.134594430120759
MEX,DP.DOD.DLDS.CR.M1.NF.Z1,2023,4.7979314888539975
MEX,DP.DOD.DLDS.CR.NF.Z1,2021,7.763635519308199
MEX,DP.DOD.DLDS.CR.NF.Z1,2022,6.433327443004558
MEX,DP.DOD.DLDS.CR.NF.Z1,2023,5.1375568349713605
MEX,DP.DOD.DLLO.CR.L1.NF.Z1,2021,0.06954945395053859
MEX,DP.DOD.DLLO.CR.L1.NF.Z1,2022,0.19922617401440088
MEX,DP.DOD.DLLO.CR.L1.NF.Z1,2023,0.43630314471475556
MEX,DP.DOD.DLLO.CR.M1.NF.Z1,2021,0.7727487198887372
MEX,DP.DOD.DLLO.CR.M1.NF.Z1,2022,0.5950618024130608
MEX,DP.DOD.DLLO.CR.M1.NF.Z1,2023,0.37258947277432475
MEX,DP.DOD.DLLO.CR.NF.Z1,2021,1.592809402781338
MEX,DP.DOD.DLLO.CR.NF.Z1,2022,1.478188833484886
MEX,DP.DOD.DLLO.CR.NF.Z1,2023,1.209535736288326
MEX,DP.DOD.DLOA.CR.L1.NF.Z1,2021,0.0
MEX,DP.DOD.DLOA.CR.L1.NF.Z1,2022,0.0
MEX,DP.DOD.DLOA.CR.L1.NF.Z1,2023,0.0
MEX,DP.DOD.DLOA.CR.M1.NF.Z1,2021,0.0
MEX,DP.DOD.DLOA.CR.M1.NF.Z1,2022,0.0
MEX,DP.DOD.DLOA.CR.M1.NF.Z1,2023,0.0
MEX,DP.DOD.DLOA.CR.NF.Z1,2021,0.0
MEX,DP.DOD.DLOA.CR.NF.Z1,2022,0.0
MEX,DP.DOD.DLOA.CR.NF.Z1,2023,0.0
MEX,DP.DOD.DLTC.CR.L1.NF.Z1,2021,0.4834294933634913
MEX,DP.DOD.DLTC.CR.L1.NF.Z1,2022,0.49795918689819796
MEX,DP.DOD.DLTC.CR.L1.NF.Z1,2023,0.7759284908321185
MEX,DP.DOD.DLTC.CR.M1.NF.Z1,2021,8.122504199783984
MEX,DP.DOD.DLTC.CR.M1.NF.Z1,2022,6.72965623253382
MEX,DP.DOD.DLTC.CR.M1.NF.Z1,2023,5.1705209616283225
MEX,DP.DOD.DLTC.CR.NF.Z1,2021,8.605933693147476
MEX,DP.DOD.DLTC.CR.NF.Z1,2022,7.227615419432019
MEX,DP.DOD.DLTC.CR.NF.Z1,2023,5.946449452460441
MEX,DP.DOD.DSDS.CR.NF.Z1,2021,0.0
MEX,DP.DOD.DSDS.CR.NF.Z1,2022,0.0
MEX,DP.DOD.DSDS.CR.NF.Z1,2023,0.0
MEX,DP.DOD.DSLO.CR.NF.Z1,2021,0.7505112289420622
MEX,DP.DOD.DSLO.CR.NF.Z1,2022,0.6839008570574244
MEX,DP.DOD.DSLO.CR.NF.Z1,2023,0.40064311879924563
MEX,DP.DOD.DSOA.CR.NF.Z1,2021,0.0
MEX,DP.DOD.DSOA.CR.NF.Z1,2022,0.0
MEX,DP.DOD.DSOA.CR.NF.Z1,2023,0.0
MEX,DP.DOD.DSTC.CR.NF.Z1,2021,0.7505112289420622
MEX,DP.DOD.DSTC.CR.NF.Z1,2022,0.6839008570574244
MEX,DP.DOD.DSTC.CR.NF.Z1,2023,0.40064311879924563
MKD,DP.DOD.DECF.CR.NF.Z1,2022,7.16944773118758
MKD,DP.DOD.DECF.CR.NF.Z1,2023,6.825564426255992
MKD,DP.DOD.DECN.CR.NF.Z1,2022,0.055864550691900355
MKD,DP.DOD.DECN.CR.NF.Z1,2023,0.04940747625742893
MKD,DP.DOD.DECT.CR.NF.Z1,2022,7.225315038917144
MKD,DP.DOD.DECT.CR.NF.Z1,2023,6.874970948312333
MKD,DP.DOD.DLLO.CR.L1.NF.Z1,2022,0.06946364076092477
MKD,DP.DOD.DLLO.CR.L1.NF.Z1,2023,0.07606961019009455
MKD,DP.DOD.DLLO.CR.M1.NF.Z1,2022,7.155851398156217
MKD,DP.DOD.DLLO.CR.M1.NF.Z1,2023,6.798901338122238
MKD,DP.DOD.DLLO.CR.NF.Z1,2022,7.225315038917144
MKD,DP.DOD.DLLO.CR.NF.Z1,2023,6.874970948312333
MKD,DP.DOD.DLTC.CR.L1.NF.Z1,2022,0.06946364076092477
MKD,DP.DOD.DLTC.CR.L1.NF.Z1,2023,0.07606961019009455
MKD,DP.DOD.DLTC.CR.M1.NF.Z1,2022,7.155851398156217
MKD,DP.DOD.DLTC.CR.M1.NF.Z1,2023,6.798901338122238
MKD,DP.DOD.DLTC.CR.NF.Z1,2022,7.225315038917144
MKD,DP.DOD.DLTC.CR.NF.Z1,2023,6.874970948312333
MKD,DP.DOD.DSLO.CR.NF.Z1,2022,0.0
MKD,DP.DOD.DSLO.CR.NF.Z1,2023,0.0
MUS,DP.DOD.DECD.CR.NF.Z1,2021,0.7149025277896592
MUS,DP.DOD.DECD.CR.NF.Z1,2022,2.6488088541618717
MUS,DP.DOD.DECD.CR.NF.Z1,2023,3.146006188437067
MUS,DP.DOD.DECF.CR.NF.Z1,2021,5.833775972902098
MUS,DP.DOD.DECF.CR.NF.Z1,2022,6.799215239501555
MUS,DP.DOD.DECF.CR.NF.Z1,2023,6.6397282778537825
MUS,DP.DOD.DECN.CR.NF.Z1,2021,0.3601357083248252
MUS,DP.DOD.DECN.CR.NF.Z1,2022,0.6558416238019278
MUS,DP.DOD.DECN.CR.NF.Z1,2023,0.9916145617905763
MUS,DP.DOD.DECT.CR.NF.Z1,2021,6.193911681226923
MUS,DP.DOD.DECT.CR.NF.Z1,2022,7.455050404112651
MUS,DP.DOD.DECT.CR.NF.Z1,2023,7.6313428396443586
MUS,DP.DOD.DECX.CR.NF.Z1,2021,5.479009153437263
MUS,DP.DOD.DECX.CR.NF.Z1,2022,4.806248009141612
MUS,DP.DOD.DECX.CR.NF.Z1,2023,4.485336651207291
MUS,DP.DOD.DLDS.CR.L1.NF.Z1,2021,0.0
MUS,DP.DOD.DLDS.CR.L1.NF.Z1,2022,0.0
MUS,DP.DOD.DLDS.CR.L1.NF.Z1,2023,0.0
MUS,DP.DOD.DLDS.CR.M1.NF.Z1,2021,0.0
MUS,DP.DOD.DLDS.CR.M1.NF.Z1,2022,0.0
MUS,DP.DOD.DLDS.CR.M1.NF.Z1,2023,0.0
MUS,DP.DOD.DLLO.CR.L1.NF.Z1,2021,0.6565093182367936
MUS,DP.DOD.DLLO.CR.L1.NF.Z1,2022,0.585863937849339
MUS,DP.DOD.DLLO.CR.L1.NF.Z1,2023,0.6157813240651653
MUS,DP.DOD.DLLO.CR.M1.NF.Z1,2021,5.523859998300735
MUS,DP.DOD.DLLO.CR.M1.NF.Z1,2022,5.145278649146471
MUS,DP.DOD.DLLO.CR.M1.NF.Z1,2023,5.041487850874038
MUS,DP.DOD.DLLO.CR.NF.Z1,2021,6.193911681226923
MUS,DP.DOD.DLLO.CR.NF.Z1,2022,7.455050404112651
MUS,DP.DOD.DLLO.CR.NF.Z1,2023,7.6313428396443586
MUS,DP.DOD.DLTC.CR.L1.NF.Z1,2021,0.6565093182367936
MUS,DP.DOD.DLTC.CR.L1.NF.Z1,2022,0.585863937849339
MUS,DP.DOD.DLTC.CR.L1.NF.Z1,2023,0.6157813240651653
MUS,DP.DOD.DLTC.CR.M1.NF.Z1,2021,5.523859998300735
MUS,DP.DOD.DLTC.CR.M1.NF.Z1,2022,5.145278649146471
MUS,DP.DOD.DLTC.CR.M1.NF.Z1,2023,5.041487850874038
MUS,DP.DOD.DLTC.CR.NF.Z1,2021,6.180369316537529
MUS,DP.DOD.DLTC.CR.NF.Z1,2022,5.7311425869958095
MUS,DP.DOD.DLTC.CR.NF.Z1,2023,5.657269174939203
MUS,DP.DOD.DSDS.CR.NF.Z1,2021,0.0
MUS,DP.DOD.DSDS.CR.NF.Z1,2022,0.0
MUS,DP.DOD.DSDS.CR.NF.Z1,2023,0.0
MUS,DP.DOD.DSLO.CR.NF.Z1,2021,0.013542364689393753
MUS,DP.DOD.DSLO.CR.NF.Z1,2022,1.723907817116841
MUS,DP.DOD.DSLO.CR.NF.Z1,2023,1.9740736647051553
MUS,DP.DOD.DSTC.CR.NF.Z1,2021,0.027084729378787507
MUS,DP.DOD.DSTC.CR.NF.Z1,2022,1.723907817116841
MUS,DP.DOD.DSTC.CR.NF.Z1,2023,1.9740736647051553
NIC,DP.DOD.DECF.CR.NF.Z1,2021,0.32666381339927614
NIC,DP.DOD.DECF.CR.NF.Z1,2022,0.2604145172714916
NIC,DP.DOD.DECF.CR.NF.Z1,2023,0.23508587800339584
NIC,DP.DOD.DECT.CR.NF.Z1,2021,0.32666381339927614
NIC,DP.DOD.DECT.CR.NF.Z1,2022,0.2604145172714916
NIC,DP.DOD.DECT.CR.NF.Z1,2023,0.2350936385768524
NIC,DP.DOD.DECX.CR.NF.Z1,2021,0.32666381339927614
NIC,DP.DOD.DECX.CR.NF.Z1,2022,0.2604145172714916
NIC,DP.DOD.DECX.CR.NF.Z1,2023,0.23508587800339584
NIC,DP.DOD.DLLO.CR.M1.NF.Z1,2021,0.3251568534080982
NIC,DP.DOD.DLLO.CR.M1.NF.Z1,2022,0.2590768423684761
NIC,DP.DOD.DLLO.CR.M1.NF.Z1,2023,0.2338347011050133
NIC,DP.DOD.DLLO.CR.NF.Z1,2021,0.3251568534080982
NIC,DP.DOD.DLLO.CR.NF.Z1,2022,0.2590768423684761
NIC,DP.DOD.DLLO.CR.NF.Z1,2023,0.2338347011050133
NIC,DP.DOD.DLOA.CR.M1.NF.Z1,2021,0.001506959991177938
NIC,DP.DOD.DLOA.CR.M1.NF.Z1,2022,0.0013376749030155136
NIC,DP.DOD.DLOA.CR.M1.NF.Z1,2023,0.0012589374718390716
NIC,DP.DOD.DLOA.CR.NF.Z1,2021,0.001506959991177938
NIC,DP.DOD.DLOA.CR.NF.Z1,2022,0.0013376749030155136
NIC,DP.DOD.DLOA.CR.NF.Z1,2023,0.0012589374718390716
NIC,DP.DOD.DLTC.CR.M1.NF.Z1,2021,0.32666381339927614
NIC,DP.DOD.DLTC.CR.M1.NF.Z1,2022,0.2604145172714916
NIC,DP.DOD.DLTC.CR.M1.NF.Z1,2023,0.2350936385768524
NIC,DP.DOD.DLTC.CR.NF.Z1,2021,0.32666381339927614
NIC,DP.DOD.DLTC.CR.NF.Z1,2022,0.2604145172714916
NIC,DP.DOD.DLTC.CR.NF.Z1,2023,0.2350936385768524
PER,DP.DOD.DECD.CR.NF.Z1,2021,0.27911132813162065
PER,DP.DOD.DECD.CR.NF.Z1,2022,0.2368650612423136
PER,DP.DOD.DECD.CR.NF.Z1,2023,0.2583711609082278
PER,DP.DOD.DECF.CR.NF.Z1,2021,2.0770092820767805
PER,DP.DOD.DECF.CR.NF.Z1,2022,1.7528487627589202
PER,DP.DOD.DECF.CR.NF.Z1,2023,1.5536339229958316
PER,DP.DOD.DECN.CR.NF.Z1,2021,0.27911132813162065
PER,DP.DOD.DECN.CR.NF.Z1,2022,0.2368650612423136
PER,DP.DOD.DECN.CR.NF.Z1,2023,0.2583711609082278
PER,DP.DOD.DECT.CR.NF.Z1,2021,2.356120610208399
PER,DP.DOD.DECT.CR.NF.Z1,2022,1.9897138240012322
PER,DP.DOD.DECT.CR.NF.Z1,2023,1.8120050839040593
PER,DP.DOD.DECX.CR.NF.Z1,2021,2.0770092820767805
PER,DP.DOD.DECX.CR.NF.Z1,2022,1.7528487627589202
PER,DP.DOD.DECX.CR.NF.Z1,2023,1.5536339229958316
PER,DP.DOD.DLDS.CR.L1.NF.Z1,2021,0.0
PER,DP.DOD.DLDS.CR.L1.NF.Z1,2022,0.0
PER,DP.DOD.DLDS.CR.L1.NF.Z1,2023,0.0
PER,DP.DOD.DLDS.CR.M1.NF.Z1,2021,1.451422694227898
PER,DP.DOD.DLDS.CR.M1.NF.Z1,2022,1.2437189469798764
PER,DP.DOD.DLDS.CR.M1.NF.Z1,2023,1.1411621283679798
PER,DP.DOD.DLDS.CR.NF.Z1,2021,1.451422694227898
PER,DP.DOD.DLDS.CR.NF.Z1,2022,1.2437189469798764
PER,DP.DOD.DLDS.CR.NF.Z1,2023,1.1411621283679798
PER,DP.DOD.DLLO.CR.L1.NF.Z1,2021,0.0
PER,DP.DOD.DLLO.CR.L1.NF.Z1,2022,0.0
PER,DP.DOD.DLLO.CR.L1.NF.Z1,2023,0.0
PER,DP.DOD.DLLO.CR.M1.NF.Z1,2021,0.6267124531646607
PER,DP.DOD.DLLO.CR.M1.NF.Z1,2022,0.5097771506193753
PER,DP.DOD.DLLO.CR.M1.NF.Z1,2023,0.41304239212259364
PER,DP.DOD.DLLO.CR.NF.Z1,2021,0.9046979159805023
PER,DP.DOD.DLLO.CR.NF.Z1,2022,0.7459948770213558
PER,DP.DOD.DLLO.CR.NF.Z1,2023,0.670842955536079
PER,DP.DOD.DLTC.CR.M1.NF.Z1,2021,2.0781351473925596
PER,DP.DOD.DLTC.CR.M1.NF.Z1,2022,1.7534960975992533
PER,DP.DOD.DLTC.CR.M1.NF.Z1,2023,1.5542045204905741
PER,DP.DOD.DLTC.CR.NF.Z1,2021,2.0781351473925596
PER,DP.DOD.DLTC.CR.NF.Z1,2022,1.7534960975992533
PER,DP.DOD.DLTC.CR.NF.Z1,2023,1.5542045204905741
PER,DP.DOD.DSDS.CR.NF.Z1,2021,0.0
PER,DP.DOD.DSDS.CR.NF.Z1,2022,0.0
PER,DP.DOD.DSDS.CR.NF.Z1,2023,0.0
PER,DP.DOD.DSLO.CR.NF.Z1,2021,0.27798546281584147
PER,DP.DOD.DSLO.CR.NF.Z1,2022,0.23621772640198055
PER,DP.DOD.DSLO.CR.NF.Z1,2023,0.2578005634134854
PER,DP.DOD.DSOA.CR.NF.Z1,2021,0.0
PER,DP.DOD.DSOA.CR.NF.Z1,2022,0.0
PER,DP.DOD.DSOA.CR.NF.Z1,2023,0.0
PER,DP.DOD.DSTC.CR.NF.Z1,2021,0.27798546281584147
PER,DP.DOD.DSTC.CR.NF.Z1,2022,0.23621772640198055
PER,DP.DOD.DSTC.CR.NF.Z1,2023,0.2578005634134854
PHL,DP.DOD.DECF.CR.NF.Z1,2021,0.6114966633638298
PHL,DP.DOD.DECF.CR.NF.Z1,2022,0.4598865241264225
PHL,DP.DOD.DECF.CR.NF.Z1,2023,0.29167896640155505
PHL,DP.DOD.DECT.CR.NF.Z1,2021,0.6114966633638298
PHL,DP.DOD.DECT.CR.NF.Z1,2022,0.4598865241264225
PHL,DP.DOD.DECT.CR.NF.Z1,2023,0.2916789665347201
PHL,DP.DOD.DECX.CR.NF.Z1,2021,0.6114966633638298
PHL,DP.DOD.DECX.CR.NF.Z1,2022,0.4598865241264225
PHL,DP.DOD.DECX.CR.NF.Z1,2023,0.29167896640155505
PHL,DP.DOD.DLDS.CR.L1.NF.Z1,2021,0.042348789657592964
PHL,DP.DOD.DLDS.CR.L1.NF.Z1,2022,0.03554213703556833
PHL,DP.DOD.DLDS.CR.L1.NF.Z1,2023,0.07590309823654959
PHL,DP.DOD.DLDS.CR.M1.NF.Z1,2021,0.24295009437786008
PHL,DP.DOD.DLDS.CR.M1.NF.Z1,2022,0.17096386767963317
PHL,DP.DOD.DLDS.CR.M1.NF.Z1,2023,0.10316056801884559
PHL,DP.DOD.DLDS.CR.NF.Z1,2021,0.2535372917922583
PHL,DP.DOD.DLDS.CR.NF.Z1,2022,0.1976204704563094
PHL,DP.DOD.DLDS.CR.NF.Z1,2023,0.12213634257798298
PHL,DP.DOD.DLLO.CR.L1.NF.Z1,2021,0.061966199243677265
PHL,DP.DOD.DLLO.CR.L1.NF.Z1,2022,0.06400275243967835
PHL,DP.DOD.DLLO.CR.L1.NF.Z1,2023,0.04342660949205101
PHL,DP.DOD.DLLO.CR.M1.NF.Z1,2021,0.2949627763059752
PHL,DP.DOD.DLLO.CR.M1.NF.Z1,2022,0.19775282389979496
PHL,DP.DOD.DLLO.CR.M1.NF.Z1,2023,0.12611601446468612
PHL,DP.DOD.DLLO.CR.NF.Z1,2021,0.35692897554965247
PHL,DP.DOD.DLLO.CR.NF.Z1,2022,0.26175557633947333
PHL,DP.DOD.DLLO.CR.NF.Z1,2023,0.16954262395673714
PHL,DP.DOD.DLOA.CR.M1.NF.Z1,2021,0.0010303960219189966
PHL,DP.DOD.DLOA.CR.M1.NF.Z1,2022,0.001020954661279663
PHL,DP.DOD.DLOA.CR.NF.Z1,2021,0.0010303960219189966
PHL,DP.DOD.DLOA.CR.NF.Z1,2022,0.001020954661279663
PHL,DP.DOD.DLTC.CR.L1.NF.Z1,2021,0.0725533966580755
PHL,DP.DOD.DLTC.CR.L1.NF.Z1,2022,0.0906593552163546
PHL,DP.DOD.DLTC.CR.L1.NF.Z1,2023,0.062402384051188406
PHL,DP.DOD.DLTC.CR.M1.NF.Z1,2021,0.5389432667057543
PHL,DP.DOD.DLTC.CR.M1.NF.Z1,2022,0.36922716891006796
PHL,DP.DOD.DLTC.CR.M1.NF.Z1,2023,0.2292765824835317
PHL,DP.DOD.DLTC.CR.NF.Z1,2021,0.6114966633638298
PHL,DP.DOD.DLTC.CR.NF.Z1,2022,0.4598865241264225
PHL,DP.DOD.DLTC.CR.NF.Z1,2023,0.2916789665347201
PRT,DP.DOD.DECD.CR.NF.Z1,2021,2.048194174954139
PRT,DP.DOD.DECD.CR.NF.Z1,2022,1.8117062622343836
PRT,DP.DOD.DECD.CR.NF.Z1,2023,1.5638111486648798
PRT,DP.DOD.DECT.CR.NF.Z1,2021,3.4229361628170856
PRT,DP.DOD.DECT.CR.NF.Z1,2022,3.0768228104930673
PRT,DP.DOD.DECT.CR.NF.Z1,2023,2.6798075525891587
PRT,DP.DOD.DECX.CR.NF.Z1,2021,1.374741987862947
PRT,DP.DOD.DECX.CR.NF.Z1,2022,1.2651165482586837
PRT,DP.DOD.DECX.CR.NF.Z1,2023,1.115996403924279
PRT,DP.DOD.DLDS.CR.NF.Z1,2021,0.8212598474561722
PRT,DP.DOD.DLDS.CR.NF.Z1,2022,0.7058642059758473
PRT,DP.DOD.DLDS.CR.NF.Z1,2023,0.5048975118522513
PRT,DP.DOD.DLLO.CR.NF.Z1,2021,2.28981412540329
PRT,DP.DOD.DLLO.CR.NF.Z1,2022,2.0738489444404262
PRT,DP.DOD.DLLO.CR.NF.Z1,2023,1.9080086154362799
PRT,DP.DOD.DLOA.CR.NF.Z1,2021,0.3118621899576232
PRT,DP.DOD.DLOA.CR.NF.Z1,2022,0.29710966007679374
PRT,DP.DOD.DLOA.CR.NF.Z1,2023,0.2669014064161701
PRT,DP.DOD.DLSD.CR.NF.Z1,2021,0.0
PRT,DP.DOD.DLSD.CR.NF.Z1,2022,0.0
PRT,DP.DOD.DLSD.CR.NF.Z1,2023,0.0
PRT,DP.DOD.DLTC.CR.NF.Z1,2021,2.871046131326368
PRT,DP.DOD.DLTC.CR.NF.Z1,2022,2.584045735115376
PRT,DP.DOD.DLTC.CR.NF.Z1,2023,2.2418083378862415
PRT,DP.DOD.DSCD.CR.NF.Z1,2021,0.0
PRT,DP.DOD.DSCD.CR.NF.Z1,2022,0.0
PRT,DP.DOD.DSCD.CR.NF.Z1,2023,0.0
PRT,DP.DOD.DSDS.CR.NF.Z1,2021,0.17917343040344463
PRT,DP.DOD.DSDS.CR.NF.Z1,2022,0.13314432609394394
PRT,DP.DOD.DSDS.CR.NF.Z1,2023,0.10966195040731247
PRT,DP.DOD.DSLO.CR.NF.Z1,2021,0.06085441112964981
PRT,DP.DOD.DSLO.CR.NF.Z1,2022,0.06252308920695376
PRT,DP.DOD.DSLO.CR.NF.Z1,2023,0.06143585787943451
PRT,DP.DOD.DSOA.CR.NF.Z1,2021,0.3118621899576232
PRT,DP.DOD.DSOA.CR.NF.Z1,2022,0.29710966007679374
PRT,DP.DOD.DSOA.CR.NF.Z1,2023,0.2669014064161701
PRT,DP.DOD.DSTC.CR.NF.Z1,2021,0.5518900314907176
PRT,DP.DOD.DSTC.CR.NF.Z1,2022,0.49277707537769144
PRT,DP.DOD.DSTC.CR.NF.Z1,2023,0.43799921470291703
SLV,DP.DOD.DECD.CR.NF.Z1,2021,0.9922058046953602
SLV,DP.DOD.DECD.CR.NF.Z1,2022,0.8853382847136304
SLV,DP.DOD.DECD.CR.NF.Z1,2023,0.811826585586902
SLV,DP.DOD.DECF.CR.NF.Z1,2021,1.85534968034323
SLV,DP.DOD.DECF.CR.NF.Z1,2022,1.5141422123820605
SLV,DP.DOD.DECF.CR.NF.Z1,2023,1.6419243565862738
SLV,DP.DOD.DECN.CR.NF.Z1,2021,0.9922058046953602
SLV,DP.DOD.DECN.CR.NF.Z1,2022,0.8853382847136304
SLV,DP.DOD.DECN.CR.NF.Z1,2023,0.811826585586902
SLV,DP.DOD.DECT.CR.NF.Z1,2021,2.84755548503859
SLV,DP.DOD.DECT.CR.NF.Z1,2022,2.399480497095691
SLV,DP.DOD.DECT.CR.NF.Z1,2023,2.453752764082463
SLV,DP.DOD.DECX.CR.NF.Z1,2021,1.85534968034323
SLV,DP.DOD.DECX.CR.NF.Z1,2022,1.5141422123820605
SLV,DP.DOD.DECX.CR.NF.Z1,2023,1.6419260353366398
SLV,DP.DOD.DLCD.CR.L1.NF.Z1,2021,0.0
SLV,DP.DOD.DLCD.CR.L1.NF.Z1,2022,0.0
SLV,DP.DOD.DLCD.CR.L1.NF.Z1,2023,0.0
SLV,DP.DOD.DLCD.CR.M1.NF.Z1,2021,0.0
SLV,DP.DOD.DLCD.CR.M1.NF.Z1,2022,0.0
SLV,DP.DOD.DLCD.CR.M1.NF.Z1,2023,0.0
SLV,DP.DOD.DLDS.CR.L1.NF.Z1,2021,0.06161608896100476
SLV,DP.DOD.DLDS.CR.L1.NF.Z1,2022,0.08141150476252118
SLV,DP.DOD.DLDS.CR.L1.NF.Z1,2023,0.08654059159830084
SLV,DP.DOD.DLDS.CR.M1.NF.Z1,2021,0.8250651493446032
SLV,DP.DOD.DLDS.CR.M1.NF.Z1,2022,0.6747007645610485
SLV,DP.DOD.DLDS.CR.M1.NF.Z1,2023,0.62711386981686
SLV,DP.DOD.DLDS.CR.NF.Z1,2021,0.886681238305608
SLV,DP.DOD.DLDS.CR.NF.Z1,2022,0.7561122693235697
SLV,DP.DOD.DLDS.CR.NF.Z1,2023,0.7136544614151599
SLV,DP.DOD.DLIN.CR.L1.NF.Z1,2021,0.0
SLV,DP.DOD.DLIN.CR.L1.NF.Z1,2022,0.0
SLV,DP.DOD.DLIN.CR.L1.NF.Z1,2023,0.0
SLV,DP.DOD.DLIN.CR.M1.NF.Z1,2021,0.0
SLV,DP.DOD.DLIN.CR.M1.NF.Z1,2022,0.0
SLV,DP.DOD.DLIN.CR.M1.NF.Z1,2023,0.0
SLV,DP.DOD.DLLO.CR.L1.NF.Z1,2021,0.16858203807022826
SLV,DP.DOD.DLLO.CR.L1.NF.Z1,2022,0.1840814563568759
SLV,DP.DOD.DLLO.CR.L1.NF.Z1,2023,0.1958730514535512
SLV,DP.DOD.DLLO.CR.M1.NF.Z1,2021,1.75229666347553
SLV,DP.DOD.DLLO.CR.M1.NF.Z1,2022,1.4106702287483648
SLV,DP.DOD.DLLO.CR.M1.NF.Z1,2023,1.5180629918966444
SLV,DP.DOD.DLLO.CR.NF.Z1,2021,1.9608742467329823
SLV,DP.DOD.DLLO.CR.NF.Z1,2022,1.643368227772121
SLV,DP.DOD.DLLO.CR.NF.Z1,2023,1.7400983026673034
SLV,DP.DOD.DLOA.CR.L1.NF.Z1,2021,0.0
SLV,DP.DOD.DLOA.CR.L1.NF.Z1,2022,0.0
SLV,DP.DOD.DLOA.CR.L1.NF.Z1,2023,0.0
SLV,DP.DOD.DLOA.CR.M1.NF.Z1,2021,0.0
SLV,DP.DOD.DLOA.CR.M1.NF.Z1,2022,0.0
SLV,DP.DOD.DLSD.CR.M1.NF.Z1,2021,0.0
SLV,DP.DOD.DLSD.CR.M1.NF.Z1,2022,0.0
SLV,DP.DOD.DLSD.CR.M1.NF.Z1,2023,0.0
SLV,DP.DOD.DLTC.CR.L1.NF.Z1,2021,0.23019812703123302
SLV,DP.DOD.DLTC.CR.L1.NF.Z1,2022,0.26549296111939713
SLV,DP.DOD.DLTC.CR.L1.NF.Z1,2023,0.2824136430518522
SLV,DP.DOD.DLTC.CR.M1.NF.Z1,2021,2.577361812820133
SLV,DP.DOD.DLTC.CR.M1.NF.Z1,2022,2.085370993309413
SLV,DP.DOD.DLTC.CR.M1.NF.Z1,2023,2.145176861713504
SLV,DP.DOD.DLTC.CR.NF.Z1,2021,2.8075599398513678
SLV,DP.DOD.DLTC.CR.NF.Z1,2022,2.3508639544288092
SLV,DP.DOD.DLTC.CR.NF.Z1,2023,2.427590504765356
SLV,DP.DOD.DSCD.CR.NF.Z1,2021,0.0
SLV,DP.DOD.DSCD.CR.NF.Z1,2022,0.0
SLV,DP.DOD.DSCD.CR.NF.Z1,2023,0.0
SLV,DP.DOD.DSDS.CR.NF.Z1,2021,0.0
SLV,DP.DOD.DSDS.CR.NF.Z1,2022,0.0
SLV,DP.DOD.DSDS.CR.NF.Z1,2023,0.0
SLV,DP.DOD.DSIN.CR.NF.Z1,2021,0.0
SLV,DP.DOD.DSIN.CR.NF.Z1,2022,0.0
SLV,DP.DOD.DSIN.CR.NF.Z1,2023,0.0
SLV,DP.DOD.DSLO.CR.NF.Z1,2021,0.03999554518722252
SLV,DP.DOD.DSLO.CR.NF.Z1,2022,0.04861654266688046
SLV,DP.DOD.DSLO.CR.NF.Z1,2023,0.026162259317106872
SLV,DP.DOD.DSOA.CR.NF.Z1,2021,0.0
SLV,DP.DOD.DSOA.CR.NF.Z1,2022,0.0
SLV,DP.DOD.DSOA.CR.NF.Z1,2023,0.0
SLV,DP.DOD.DSTC.CR.NF.Z1,2021,0.03999554518722252
SLV,DP.DOD.DSTC.CR.NF.Z1,2022,0.04861654266688046
SLV,DP.DOD.DSTC.CR.NF.Z1,2023,0.052324518634213744
THA,DP.DOD.DECD.CR.NF.Z1,2021,4.144384316144434
THA,DP.DOD.DECD.CR.NF.Z1,2022,4.928186271654538
THA,DP.DOD.DECD.CR.NF.Z1,2023,5.794735963152236
THA,DP.DOD.DECF.CR.NF.Z1,2021,0.11962730589054256
THA,DP.DOD.DECF.CR.NF.Z1,2022,0.10256553012741218
THA,DP.DOD.DECF.CR.NF.Z1,2023,0.08389167810159567
THA,DP.DOD.DECN.CR.NF.Z1,2021,4.144384316144434
THA,DP.DOD.DECN.CR.NF.Z1,2022,4.928186271654538
THA,DP.DOD.DECN.CR.NF.Z1,2023,5.794735963152236
THA,DP.DOD.DECT.CR.NF.Z1,2021,4.264011590603234
THA,DP.DOD.DECT.CR.NF.Z1,2022,5.030751765405679
THA,DP.DOD.DECT.CR.NF.Z1,2023,5.878627649741231
THA,DP.DOD.DECX.CR.NF.Z1,2021,0.11962730589054256
THA,DP.DOD.DECX.CR.NF.Z1,2022,0.10256553012741218
THA,DP.DOD.DECX.CR.NF.Z1,2023,0.08389167810159567
THA,DP.DOD.DLDS.CR.L1.NF.Z1,2021,0.3151443036242676
THA,DP.DOD.DLDS.CR.L1.NF.Z1,2022,0.31944656407004657
THA,DP.DOD.DLDS.CR.L1.NF.Z1,2023,0.42518313820573134
THA,DP.DOD.DLDS.CR.M1.NF.Z1,2021,3.1732061506219655
THA,DP.DOD.DLDS.CR.M1.NF.Z1,2022,3.684185391122668
THA,DP.DOD.DLDS.CR.M1.NF.Z1,2023,3.974764697693093
THA,DP.DOD.DLDS.CR.NF.Z1,2021,3.4932015460004555
THA,DP.DOD.DLDS.CR.NF.Z1,2022,4.067892577089169
THA,DP.DOD.DLDS.CR.NF.Z1,2023,4.407735448165735
THA,DP.DOD.DLLO.CR.L1.NF.Z1,2021,0.1886995745347986
THA,DP.DOD.DLLO.CR.L1.NF.Z1,2022,0.3025313481481042
THA,DP.DOD.DLLO.CR.L1.NF.Z1,2023,0.2532618279967521
THA,DP.DOD.DLLO.CR.M1.NF.Z1,2021,0.5473435090106878
THA,DP.DOD.DLLO.CR.M1.NF.Z1,2022,0.6009652437974318
THA,DP.DOD.DLLO.CR.M1.NF.Z1,2023,1.19464008335233
THA,DP.DOD.DLLO.CR.NF.Z1,2021,0.7708100446027782
THA,DP.DOD.DLLO.CR.NF.Z1,2022,0.9628591883165109
THA,DP.DOD.DLLO.CR.NF.Z1,2023,1.4708922015754964
THA,DP.DOD.DLTC.CR.L1.NF.Z1,2021,0.5038438781590662
THA,DP.DOD.DLTC.CR.L1.NF.Z1,2022,0.6219779122181508
THA,DP.DOD.DLTC.CR.L1.NF.Z1,2023,0.6784449662024834
THA,DP.DOD.DLTC.CR.M1.NF.Z1,2021,3.7205496596326535
THA,DP.DOD.DLTC.CR.M1.NF.Z1,2022,4.285150634920099
THA,DP.DOD.DLTC.CR.M1.NF.Z1,2023,5.169404781045423
THA,DP.DOD.DLTC.CR.NF.Z1,2021,4.22439353779172
THA,DP.DOD.DLTC.CR.NF.Z1,2022,4.90712854713825
THA,DP.DOD.DLTC.CR.NF.Z1,2023,5.847849747247907
THA,DP.DOD.DSDS.CR.NF.Z1,2021,0.004851091754222743
THA,DP.DOD.DSDS.CR.NF.Z1,2022,0.0642606218964542
THA,DP.DOD.DSDS.CR.NF.Z1,2023,0.00778761226691063
THA,DP.DOD.DSLO.CR.NF.Z1,2021,0.03476696105729188
THA,DP.DOD.DSLO.CR.NF.Z1,2022,0.05936259637097489
THA,DP.DOD.DSLO.CR.NF.Z1,2023,0.022990290226414044
THA,DP.DOD.DSTC.CR.NF.Z1,2021,0.03961805281151461
THA,DP.DOD.DSTC.CR.NF.Z1,2022,0.1236232182674291
THA,DP.DOD.DSTC.CR.NF.Z1,2023,0.030777902493324676
ZAF,DP.DOD.DECD.CR.NF.Z1,2021,58.8326437614616
ZAF,DP.DOD.DECD.CR.NF.Z1,2022,58.57471165441093
ZAF,DP.DOD.DECD.CR.NF.Z1,2023,60.94746686181525
ZAF,DP.DOD.DECF.CR.NF.Z1,2021,10.382869339314794
ZAF,DP.DOD.DECF.CR.NF.Z1,2022,10.263648672040041
ZAF,DP.DOD.DECF.CR.NF.Z1,2023,11.550115427664878
ZAF,DP.DOD.DECN.CR.NF.Z1,2021,74.44551483232817
ZAF,DP.DOD.DECN.CR.NF.Z1,2022,74.1618317036207
ZAF,DP.DOD.DECN.CR.NF.Z1,2023,75.8733163183365
ZAF,DP.DOD.DECT.CR.NF.Z1,2021,84.82838417164302
ZAF,DP.DOD.DECT.CR.NF.Z1,2022,84.4254803759971
ZAF,DP.DOD.DECT.CR.NF.Z1,2023,87.42343174600136
ZAF,DP.DOD.DECX.CR.NF.Z1,2021,25.995740410181423
ZAF,DP.DOD.DECX.CR.NF.Z1,2022,25.85076872124985
ZAF,DP.DOD.DECX.CR.NF.Z1,2023,26.475964884186105
ZAF,DP.DOD.DLCD.CR.M1.NF.Z1,2021,0.0
ZAF,DP.DOD.DLCD.CR.M1.NF.Z1,2022,0.0
ZAF,DP.DOD.DLDS.CR.M1.NF.Z1,2021,60.353861664556646
ZAF,DP.DOD.DLDS.CR.M1.NF.Z1,2022,60.31394620496238
ZAF,DP.DOD.DLDS.CR.M1.NF.Z1,2023,62.62191886801327
ZAF,DP.DOD.DLDS.CR.MV.NF.Z1,2021,64.18535509685384
ZAF,DP.DOD.DLDS.CR.MV.NF.Z1,2022,61.22264216487625
ZAF,DP.DOD.DLDS.CR.MV.NF.Z1,2023,61.17899234801088
ZAF,DP.DOD.DLDS.CR.NF.Z1,2021,67.87376323888817
ZAF,DP.DOD.DLDS.CR.NF.Z1,2022,67.243932274391
ZAF,DP.DOD.DLDS.CR.NF.Z1,2023,69.36560335193198
ZAF,DP.DOD.DLIN.CR.M1.NF.Z1,2021,0.0
ZAF,DP.DOD.DLIN.CR.M1.NF.Z1,2022,0.0
ZAF,DP.DOD.DLIN.CR.NF.Z1,2021,2.911495340852465
ZAF,DP.DOD.DLIN.CR.NF.Z1,2022,2.8729965936337645
ZAF,DP.DOD.DLIN.CR.NF.Z1,2023,3.093725653556036
ZAF,DP.DOD.DLLO.CR.M1.NF.Z1,2021,6.122310933331554
ZAF,DP.DOD.DLLO.CR.M1.NF.Z1,2022,6.106167352481995
ZAF,DP.DOD.DLLO.CR.M1.NF.Z1,2023,6.791476565104615
ZAF,DP.DOD.DLLO.CR.NF.Z1,2021,6.968530576404962
ZAF,DP.DOD.DLLO.CR.NF.Z1,2022,7.08356829625999
ZAF,DP.DOD.DLLO.CR.NF.Z1,2023,7.530774254762857
ZAF,DP.DOD.DLOA.CR.M1.NF.Z1,2021,0.0
ZAF,DP.DOD.DLOA.CR.M1.NF.Z1,2022,0.0
ZAF,DP.DOD.DLOA.CR.M1.NF.Z1,2023,0.0
ZAF,DP.DOD.DLOA.CR.NF.Z1,2021,6.057858880259537
ZAF,DP.DOD.DLOA.CR.NF.Z1,2022,5.774950677971792
ZAF,DP.DOD.DLOA.CR.NF.Z1,2023,5.881725205649435
ZAF,DP.DOD.DLSD.CR.M1.NF.Z1,2021,1.016736135237916
ZAF,DP.DOD.DLSD.CR.M1.NF.Z1,2022,1.4500325337405262
ZAF,DP.DOD.DLSD.CR.M1.NF.Z1,2023,1.5516032801010975
ZAF,DP.DOD.DLSD.CR.NF.Z1,2021,1.016736135237916
ZAF,DP.DOD.DLSD.CR.NF.Z1,2022,1.4500325337405262
ZAF,DP.DOD.DLSD.CR.NF.Z1,2023,1.5516032801010975
ZAF,DP.DOD.DLTC.CR.M1.NF.Z1,2021,67.49290873312609
ZAF,DP.DOD.DLTC.CR.M1.NF.Z1,2022,67.8701460911849
ZAF,DP.DOD.DLTC.CR.M1.NF.Z1,2023,70.96499871321898
ZAF,DP.DOD.DLTC.CR.NF.Z1,2021,67.49290873312609
ZAF,DP.DOD.DLTC.CR.NF.Z1,2022,67.8701460911849
ZAF,DP.DOD.DLTC.CR.NF.Z1,2023,70.96499871321898
ZAF,DP.DOD.DSCD.CR.NF.Z1,2021,0.0
ZAF,DP.DOD.DSCD.CR.NF.Z1,2022,0.0
ZAF,DP.DOD.DSCD.CR.NF.Z1,2023,0.0
ZAF,DP.DOD.DSDS.CR.NF.Z1,2021,7.519901574331527
ZAF,DP.DOD.DSDS.CR.NF.Z1,2022,6.929986069428656
ZAF,DP.DOD.DSDS.CR.NF.Z1,2023,6.743684483918651
ZAF,DP.DOD.DSIN.CR.NF.Z1,2021,2.911495340852465
ZAF,DP.DOD.DSIN.CR.NF.Z1,2022,2.8729965936337645
ZAF,DP.DOD.DSIN.CR.NF.Z1,2023,3.093725653556036
ZAF,DP.DOD.DSLO.CR.NF.Z1,2021,0.8462196430734119
ZAF,DP.DOD.DSLO.CR.NF.Z1,2022,0.977400943777996
ZAF,DP.DOD.DSLO.CR.NF.Z1,2023,0.7392976896582438
ZAF,DP.DOD.DSOA.CR.NF.Z1,2021,6.057858880259537
ZAF,DP.DOD.DSOA.CR.NF.Z1,2022,5.774950677971792
ZAF,DP.DOD.DSOA.CR.NF.Z1,2023,5.881725205649435
ZAF,DP.DOD.DSTC.CR.NF.Z1,2021,17.335475438516962
ZAF,DP.DOD.DSTC.CR.NF.Z1,2022,16.555334284812226
ZAF,DP.DOD.DSTC.CR.NF.Z1,2023,16.458433032782384
