CountryID,Code,Long Name,Income Group,Region,Currency Unit,System of National Accounts,SNA price valuation,System of trade,Government Accounting concept,Table Name,Short Name
1,AFG,Islamic State of Afghanistan,Low income,South Asia,Afghan afghani,Country uses the 2008 System of National Accounts methodology,Value added at basic prices (VAB),General trade system,Consolidated central government,Afghanistan,Afghanistan
2,ALB,Republic of Albania,Upper middle income,Europe & Central Asia,Albanian lek,Country uses the 2008 System of National Accounts methodology,Value added at basic prices (VAB),Special trade system,Consolidated central government,Albania,Albania
3,DZA,People's Democratic Republic of Algeria,Upper middle income,Middle East & North Africa,Algerian dinar,Country uses the 2008 System of National Accounts methodology,Value added at basic prices (VAB),Special trade system,Consolidated central government,Algeria,Algeria
4,ASM,American Samoa,High income,East Asia & Pacific,U.S. dollar,Country uses the 2008 System of National Accounts methodology,Value added at basic prices (VAB),,,American Samoa,American Samoa
5,AND,Principality of Andorra,High income,Europe & Central Asia,Euro,Country uses the 1993 System of National Accounts methodology,Value added at basic prices (VAB),General trade system,,Andorra,Andorra
6,AGO,People's Republic of Angola,Lower middle income,Sub-Saharan Africa,Angolan kwanza,Country uses the 1993 System of National Accounts methodology,Value added at basic prices (VAB),General trade system,Budgetary central government,Angola,Angola
7,ATG,Antigua and Barbuda,High income,Latin America & Caribbean,East Caribbean dollar,Country uses the 2008 System of National Accounts methodology,Value added at basic prices (VAB),General trade system,Budgetary central government,Antigua and Barbuda,Antigua and Barbuda
8,ARG,Argentine Republic,Upper middle income,Latin America & Caribbean,Argentine peso,Country uses the 2008 System of National Accounts methodology,Value added at basic prices (VAB),Special trade system,Consolidated central government,Argentina,Argentina
9,ARM,Republic of Armenia,Upper middle income,Europe & Central Asia,Armenian dram,Country uses the 2008 System of National Accounts methodology,Value added at basic prices (VAB),General trade system,Consolidated central government,Armenia,Armenia
10,ABW,Aruba,High income,Latin America & Caribbean,Aruban florin,Country uses the 1993 System of National Accounts methodology,Value added at basic prices (VAB),General trade system,,Aruba,Aruba
11,AUS,Commonwealth of Australia,High income,East Asia & Pacific,Australian dollar,Country uses the 2008 System of National Accounts methodology,Value added at basic prices (VAB),General trade system,Consolidated central government,Australia,Australia
12,AUT,Republic of Austria,High income,Europe & Central Asia,Euro,Country uses the 2008 System of National Accounts methodology,Value added at basic prices (VAB),Special trade system,Consolidated central government,Austria,Austria
13,AZE,Republic of Azerbaijan,Upper middle income,Europe & Central Asia,New Azeri manat,Country uses the 1993 System of National Accounts methodology,Value added at basic prices (VAB),General trade system,Consolidated central government,Azerbaijan,Azerbaijan
14,BHS,Commonwealth of The Bahamas,High income,Latin America & Caribbean,Bahamian dollar,Country uses the 2008 System of National Accounts methodology,Value added at basic prices (VAB),General trade system,Consolidated central government,"Bahamas, The",The Bahamas
15,BHR,Kingdom of Bahrain,High income,Middle East & North Africa,Bahraini dinar,Country uses the 1993 System of National Accounts methodology,Value added at producer prices (VAP),General trade system,Budgetary central government,Bahrain,Bahrain
16,BGD,People's Republic of Bangladesh,Lower middle income,South Asia,Bangladeshi taka,Country uses the 1993 System of National Accounts methodology,Value added at basic prices (VAB),General trade system,Budgetary central government,Bangladesh,Bangladesh
17,BRB,Barbados,High income,Latin America & Caribbean,Barbados dollar,Country uses the 2008 System of National Accounts methodology,Value added at basic prices (VAB),General trade system,Budgetary central government,Barbados,Barbados
18,BLR,Republic of Belarus,Upper middle income,Europe & Central Asia,Belarusian rubel,Country uses the 2008 System of National Accounts methodology,Value added at basic prices (VAB),General trade system,Consolidated central government,Belarus,Belarus
19,BEL,Kingdom of Belgium,High income,Europe & Central Asia,Euro,Country uses the 2008 System of National Accounts methodology,Value added at basic prices (VAB),Special trade system,Consolidated central government,Belgium,Belgium
20,BLZ,Belize,Upper middle income,Latin America & Caribbean,Belize dollar,Country uses the 2008 System of National Accounts methodology,Value added at basic prices (VAB),General trade system,Budgetary central government,Belize,Belize
21,BEN,Republic of Benin,Lower middle income,Sub-Saharan Africa,West African CFA franc,Country uses the 2008 System of National Accounts methodology,Value added at basic prices (VAB),General trade system,Budgetary central government,Benin,Benin
22,BMU,The Bermudas,High income,North America,Bermuda dollar,Country uses the 2008 System of National Accounts methodology,Value added at basic prices (VAB),General trade system,,Bermuda,Bermuda
23,BTN,Kingdom of Bhutan,Lower middle income,South Asia,Bhutanese ngultrum,Country uses the 1993 System of National Accounts methodology,Value added at basic prices (VAB),,Consolidated central government,Bhutan,Bhutan
24,BOL,Plurinational State of Bolivia,Lower middle income,Latin America & Caribbean,Bolivian Boliviano,Country uses the 1993 System of National Accounts methodology,Value added at basic prices (VAB),General trade system,,Bolivia,Bolivia
25,BIH,Bosnia and Herzegovina,Upper middle income,Europe & Central Asia,Bosnia and Herzegovina convertible mark,Country uses the 2008 System of National Accounts methodology,Value added at basic prices (VAB),Special trade system,Consolidated central government,Bosnia and Herzegovina,Bosnia and Herzegovina
26,BWA,Republic of Botswana,Upper middle income,Sub-Saharan Africa,Botswana pula,Country uses the 2008 System of National Accounts methodology,Value added at basic prices (VAB),General trade system,Budgetary central government,Botswana,Botswana
27,BRA,Federative Republic of Brazil,Upper middle income,Latin America & Caribbean,Brazilian real,Country uses the 2008 System of National Accounts methodology,Value added at basic prices (VAB),Special trade system,Consolidated central government,Brazil,Brazil
28,VGB,British Virgin Islands,High income,Latin America & Caribbean,U.S. dollar,,,,,British Virgin Islands,British Virgin Islands
29,BRN,Brunei Darussalam,High income,East Asia & Pacific,Brunei dollar,Country uses the 2008 System of National Accounts methodology,Value added at producer prices (VAP),Special trade system,,Brunei Darussalam,Brunei
30,BGR,Republic of Bulgaria,High income,Europe & Central Asia,Bulgarian lev,Country uses the 2008 System of National Accounts methodology,Value added at basic prices (VAB),Special trade system,Consolidated central government,Bulgaria,Bulgaria
31,BFA,Burkina Faso,Low income,Sub-Saharan Africa,West African CFA franc,Country uses the 2008 System of National Accounts methodology,Value added at basic prices (VAB),General trade system,Budgetary central government,Burkina Faso,Burkina Faso
32,BDI,Republic of Burundi,Low income,Sub-Saharan Africa,Burundi franc,Country uses the 1993 System of National Accounts methodology,Value added at basic prices (VAB),General trade system,Budgetary central government,Burundi,Burundi
33,CPV,Republic of Cabo Verde,Lower middle income,Sub-Saharan Africa,Cabo Verde escudo,Country uses the 2008 System of National Accounts methodology,Value added at basic prices (VAB),Special trade system,Consolidated central government,Cabo Verde,Cabo Verde
34,KHM,Kingdom of Cambodia,Lower middle income,East Asia & Pacific,Cambodian riel,Country uses the 1993 System of National Accounts methodology,Value added at basic prices (VAB),General trade system,Budgetary central government,Cambodia,Cambodia
35,CMR,Republic of Cameroon,Lower middle income,Sub-Saharan Africa,Central African CFA franc,Country uses the 2008 System of National Accounts methodology,Value added at basic prices (VAB),Special trade system,,Cameroon,Cameroon
36,CAN,Canada,High income,North America,Canadian dollar,Country uses the 2008 System of National Accounts methodology,Value added at basic prices (VAB),General trade system,Consolidated central government,Canada,Canada
37,CYM,Cayman Islands,High income,Latin America & Caribbean,Cayman Islands dollar,Country uses the 2008 System of National Accounts methodology,Value added at basic prices (VAB),,,Cayman Islands,Cayman Islands
38,CAF,Central African Republic,Low income,Sub-Saharan Africa,Central African CFA franc,Country uses the 1993 System of National Accounts methodology,Value added at basic prices (VAB),General trade system,Budgetary central government,Central African Republic,Central African Republic
39,TCD,Republic of Chad,Low income,Sub-Saharan Africa,Central African CFA franc,Country uses the 1993 System of National Accounts methodology,Value added at basic prices (VAB),,,Chad,Chad
40,CHI,Channel Islands,High income,Europe & Central Asia,Pound sterling,Country uses the 2008 System of National Accounts methodology,Value added at basic prices (VAB),,,Channel Islands,Channel Islands
41,CHL,Republic of Chile,High income,Latin America & Caribbean,Chilean peso,Country uses the 2008 System of National Accounts methodology,Value added at basic prices (VAB),General trade system,,Chile,Chile
42,CHN,People's Republic of China,Upper middle income,East Asia & Pacific,Chinese yuan,Country uses the 2008 System of National Accounts methodology,Value added at producer prices (VAP),General trade system,Consolidated central government,China,China
43,COL,Republic of Colombia,Upper middle income,Latin America & Caribbean,Colombian peso,Country uses the 2008 System of National Accounts methodology,Value added at basic prices (VAB),Special trade system,Consolidated central government,Colombia,Colombia
44,COM,Union of the Comoros,Lower middle income,Sub-Saharan Africa,Comorian franc,Country uses the 2008 System of National Accounts methodology,Value added at basic prices (VAB),General trade system,,Comoros,Comoros
45,COD,Democratic Republic of the Congo,Low income,Sub-Saharan Africa,Congolese franc,Country uses the 1993 System of National Accounts methodology,Value added at basic prices (VAB),,Budgetary central government,"Congo, Dem. Rep.",Dem. Rep. Congo
46,COG,Republic of Congo,Lower middle income,Sub-Saharan Africa,Central African CFA franc,Country uses the 1993 System of National Accounts methodology,Value added at basic prices (VAB),General trade system,Budgetary central government,"Congo, Rep.",Congo
47,CRI,Republic of Costa Rica,Upper middle income,Latin America & Caribbean,Costa Rican colon,Country uses the 2008 System of National Accounts methodology,Value added at basic prices (VAB),Special trade system,Consolidated central government,Costa Rica,Costa Rica
48,CIV,Republic of Côte d'Ivoire,Lower middle income,Sub-Saharan Africa,West African CFA franc,Country uses the 2008 System of National Accounts methodology,Value added at basic prices (VAB),Special trade system,Budgetary central government,Côte d'Ivoire,Côte d'Ivoire
49,HRV,Republic of Croatia,High income,Europe & Central Asia,Euro,Country uses the 2008 System of National Accounts methodology,Value added at basic prices (VAB),Special trade system,Budgetary central government,Croatia,Croatia
50,CUB,Republic of Cuba,Upper middle income,Latin America & Caribbean,Cuban peso,Country uses the 1993 System of National Accounts methodology,Value added at basic prices (VAB),,,Cuba,Cuba
51,CUW,Curaçao,High income,Latin America & Caribbean,Netherlands Antillean guilder,Country uses the 2008 System of National Accounts methodology,Value added at basic prices (VAB),,,Curaçao,Curaçao
52,CYP,Republic of Cyprus,High income,Europe & Central Asia,Euro,Country uses the 2008 System of National Accounts methodology,Value added at basic prices (VAB),General trade system,Consolidated central government,Cyprus,Cyprus
53,CZE,Czech Republic,High income,Europe & Central Asia,Czech koruna,Country uses the 2008 System of National Accounts methodology,Value added at basic prices (VAB),Special trade system,Consolidated central government,Czechia,Czechia
54,DNK,Kingdom of Denmark,High income,Europe & Central Asia,Danish krone,Country uses the 2008 System of National Accounts methodology,Value added at basic prices (VAB),General trade system,Consolidated central government,Denmark,Denmark
55,DJI,Republic of Djibouti,Lower middle income,Middle East & North Africa,Djibouti franc,Country uses the 2008 System of National Accounts methodology,Value added at basic prices (VAB),,,Djibouti,Djibouti
56,DMA,Commonwealth of Dominica,Upper middle income,Latin America & Caribbean,East Caribbean dollar,Country uses the 1993 System of National Accounts methodology,Value added at basic prices (VAB),,Budgetary central government,Dominica,Dominica
57,DOM,Dominican Republic,Upper middle income,Latin America & Caribbean,Dominican peso,Country uses the 2008 System of National Accounts methodology,Value added at basic prices (VAB),General trade system,Consolidated central government,Dominican Republic,Dominican Republic
58,ECU,Republic of Ecuador,Upper middle income,Latin America & Caribbean,U.S. dollar,Country uses the 2008 System of National Accounts methodology,Value added at basic prices (VAB),Special trade system,,Ecuador,Ecuador
59,EGY,Arab Republic of Egypt,Lower middle income,Middle East & North Africa,Egyptian pound,Country uses the 1993 System of National Accounts methodology,Value added at basic prices (VAB),General trade system,Budgetary central government,"Egypt, Arab Rep.",Egypt
60,SLV,Republic of El Salvador,Upper middle income,Latin America & Caribbean,U.S. dollar,Country uses the 2008 System of National Accounts methodology,Value added at basic prices (VAB),General trade system,Consolidated central government,El Salvador,El Salvador
61,GNQ,Republic of Equatorial Guinea,Upper middle income,Sub-Saharan Africa,Central African CFA franc,Country uses the 1993 System of National Accounts methodology,Value added at basic prices (VAB),,Budgetary central government,Equatorial Guinea,Equatorial Guinea
62,ERI,State of Eritrea,Low income,Sub-Saharan Africa,Eritrean nakfa,Country uses the 1968 System of National Accounts methodology,Value added at basic prices (VAB),,,Eritrea,Eritrea
63,EST,Republic of Estonia,High income,Europe & Central Asia,Euro,Country uses the 2008 System of National Accounts methodology,Value added at basic prices (VAB),General trade system,Consolidated central government,Estonia,Estonia
64,SWZ,Kingdom of Eswatini,Lower middle income,Sub-Saharan Africa,Swazi lilangeni,Country uses the 2008 System of National Accounts methodology,Value added at basic prices (VAB),General trade system,Budgetary central government,Eswatini,Eswatini
65,ETH,Federal Democratic Republic of Ethiopia,Low income,Sub-Saharan Africa,Ethiopian birr,Country uses the 2008 System of National Accounts methodology,Value added at basic prices (VAB),General trade system,Budgetary central government,Ethiopia,Ethiopia
66,FRO,Faroe Islands,High income,Europe & Central Asia,Danish krone,Country uses the 1993 System of National Accounts methodology,0,,,Faroe Islands,Faroe Islands
67,FJI,Republic of Fiji,Upper middle income,East Asia & Pacific,Fijian dollar,Country uses the 2008 System of National Accounts methodology,Value added at basic prices (VAB),General trade system,Budgetary central government,Fiji,Fiji
68,FIN,Republic of Finland,High income,Europe & Central Asia,Euro,Country uses the 2008 System of National Accounts methodology,Value added at basic prices (VAB),Special trade system,Consolidated central government,Finland,Finland
69,FRA,French Republic,High income,Europe & Central Asia,Euro,Country uses the 2008 System of National Accounts methodology,Value added at basic prices (VAB),Special trade system,Consolidated central government,France,France
70,PYF,French Polynesia,High income,East Asia & Pacific,CFP franc,Country uses the 1993 System of National Accounts methodology,Value added at basic prices (VAB),Special trade system,,French Polynesia,French Polynesia
71,GAB,Gabonese Republic,Upper middle income,Sub-Saharan Africa,Central African CFA franc,Country uses the 1993 System of National Accounts methodology,Value added at basic prices (VAB),,,Gabon,Gabon
72,GMB,Republic of The Gambia,Low income,Sub-Saharan Africa,Gambian dalasi,Country uses the 2008 System of National Accounts methodology,Value added at basic prices (VAB),General trade system,Consolidated central government,"Gambia, The",The Gambia
73,GEO,Georgia,Upper middle income,Europe & Central Asia,Georgian lari,Country uses the 2008 System of National Accounts methodology,Value added at basic prices (VAB),General trade system,Consolidated central government,Georgia,Georgia
74,DEU,Federal Republic of Germany,High income,Europe & Central Asia,Euro,Country uses the 2008 System of National Accounts methodology,Value added at basic prices (VAB),Special trade system,Consolidated central government,Germany,Germany
75,GHA,Republic of Ghana,Lower middle income,Sub-Saharan Africa,New Ghanaian cedi,Country uses the 2008 System of National Accounts methodology,Value added at basic prices (VAB),General trade system,Consolidated central government,Ghana,Ghana
76,GIB,Gibraltar,High income,Europe & Central Asia,Gibraltar pound,,,,,Gibraltar,Gibraltar
77,GRC,Hellenic Republic,High income,Europe & Central Asia,Euro,Country uses the 2008 System of National Accounts methodology,Value added at basic prices (VAB),Special trade system,Consolidated central government,Greece,Greece
78,GRL,Greenland,High income,Europe & Central Asia,Danish krone,Country uses the 2008 System of National Accounts methodology,0,General trade system,,Greenland,Greenland
79,GRD,Grenada,Upper middle income,Latin America & Caribbean,East Caribbean dollar,Country uses the 1993 System of National Accounts methodology,Value added at basic prices (VAB),,Budgetary central government,Grenada,Grenada
80,GUM,Guam,High income,East Asia & Pacific,U.S. dollar,Country uses the 1993 System of National Accounts methodology,Value added at basic prices (VAB),,,Guam,Guam
81,GTM,Republic of Guatemala,Upper middle income,Latin America & Caribbean,Guatemalan quetzal,Country uses the 2008 System of National Accounts methodology,Value added at basic prices (VAB),Special trade system,Budgetary central government,Guatemala,Guatemala
82,GIN,Republic of Guinea,Lower middle income,Sub-Saharan Africa,Guinean franc,Country uses the 2008 System of National Accounts methodology,Value added at basic prices (VAB),Special trade system,,Guinea,Guinea
83,GNB,Republic of Guinea-Bissau,Low income,Sub-Saharan Africa,West African CFA franc,Country uses the 1993 System of National Accounts methodology,Value added at basic prices (VAB),,,Guinea-Bissau,Guinea-Bissau
84,GUY,Co-operative Republic of Guyana,High income,Latin America & Caribbean,Guyana dollar,Country uses the 2008 System of National Accounts methodology,Value added at basic prices (VAB),Special trade system,,Guyana,Guyana
85,HTI,Republic of Haiti,Lower middle income,Latin America & Caribbean,Haitian gourde,Country uses the 2008 System of National Accounts methodology,Value added at basic prices (VAB),,,Haiti,Haiti
86,HND,Republic of Honduras,Lower middle income,Latin America & Caribbean,Honduran lempira,Country uses the 1993 System of National Accounts methodology,Value added at basic prices (VAB),Special trade system,Consolidated central government,Honduras,Honduras
87,HKG,Hong Kong Special Administrative Region of the People's Republic of China,High income,East Asia & Pacific,Hong Kong dollar,Country uses the 2008 System of National Accounts methodology,Value added at basic prices (VAB),General trade system,,"Hong Kong SAR, China","Hong Kong SAR, China"
88,HUN,Hungary,High income,Europe & Central Asia,Hungarian forint,Country uses the 2008 System of National Accounts methodology,Value added at basic prices (VAB),Special trade system,Consolidated central government,Hungary,Hungary
89,ISL,Republic of Iceland,High income,Europe & Central Asia,Iceland krona,Country uses the 2008 System of National Accounts methodology,Value added at basic prices (VAB),Special trade system,Consolidated central government,Iceland,Iceland
90,IND,Republic of India,Lower middle income,South Asia,Indian rupee,Country uses the 2008 System of National Accounts methodology,Value added at basic prices (VAB),General trade system,Consolidated central government,India,India
91,IDN,Republic of Indonesia,Upper middle income,East Asia & Pacific,Indonesian rupiah,Country uses the 2008 System of National Accounts methodology,Value added at basic prices (VAB),General trade system,Consolidated central government,Indonesia,Indonesia
92,IRN,Islamic Republic of Iran,Upper middle income,Middle East & North Africa,Iranian rial,Country uses the 2008 System of National Accounts methodology,Value added at basic prices (VAB),Special trade system,Consolidated central government,"Iran, Islamic Rep.",Iran
93,IRQ,Republic of Iraq,Upper middle income,Middle East & North Africa,Iraqi dinar,Country uses the 1968 System of National Accounts methodology,Value added at producer prices (VAP),Special trade system,Budgetary central government,Iraq,Iraq
94,IRL,Ireland,High income,Europe & Central Asia,Euro,Country uses the 2008 System of National Accounts methodology,Value added at basic prices (VAB),General trade system,Consolidated central government,Ireland,Ireland
95,IMN,Isle of Man,High income,Europe & Central Asia,Pound sterling,Country uses the 2008 System of National Accounts methodology,Value added at basic prices (VAB),,,Isle of Man,Isle of Man
96,ISR,State of Israel,High income,Middle East & North Africa,Israeli new shekel,Country uses the 2008 System of National Accounts methodology,Value added at basic prices (VAB),Special trade system,Consolidated central government,Israel,Israel
97,ITA,Italian Republic,High income,Europe & Central Asia,Euro,Country uses the 2008 System of National Accounts methodology,Value added at basic prices (VAB),Special trade system,Consolidated central government,Italy,Italy
98,JAM,Jamaica,Upper middle income,Latin America & Caribbean,Jamaican dollar,Country uses the 1993 System of National Accounts methodology,Value added at basic prices (VAB),Special trade system,Budgetary central government,Jamaica,Jamaica
99,JPN,Japan,High income,East Asia & Pacific,Japanese yen,Country uses the 2008 System of National Accounts methodology,Value added at basic prices (VAB),General trade system,Consolidated central government,Japan,Japan
100,JOR,Hashemite Kingdom of Jordan,Lower middle income,Middle East & North Africa,Jordanian dinar,Country uses the 2008 System of National Accounts methodology,Value added at basic prices (VAB),Special trade system,Budgetary central government,Jordan,Jordan
101,KAZ,Republic of Kazakhstan,Upper middle income,Europe & Central Asia,Kazakh tenge,Country uses the 1993 System of National Accounts methodology,Value added at basic prices (VAB),General trade system,Consolidated central government,Kazakhstan,Kazakhstan
102,KEN,Republic of Kenya,Lower middle income,Sub-Saharan Africa,Kenyan shilling,Country uses the 2008 System of National Accounts methodology,Value added at basic prices (VAB),General trade system,Consolidated central government,Kenya,Kenya
103,KIR,Republic of Kiribati,Lower middle income,East Asia & Pacific,Australian dollar,Country uses the 1993 System of National Accounts methodology,Value added at basic prices (VAB),Special trade system,Consolidated central government,Kiribati,Kiribati
104,PRK,Democratic People's Republic of Korea,Low income,East Asia & Pacific,Democratic People's Republic of Korean won,,,,,"Korea, Dem. People's Rep.",Dem. People's Rep. Korea
105,KOR,Republic of Korea,High income,East Asia & Pacific,Korean won,Country uses the 2008 System of National Accounts methodology,Value added at basic prices (VAB),General trade system,Budgetary central government,"Korea, Rep.",Korea
106,XKX,Republic of Kosovo,Upper middle income,Europe & Central Asia,Euro,Country uses the 2008 System of National Accounts methodology,Value added at basic prices (VAB),,,Kosovo,Kosovo
107,KWT,State of Kuwait,High income,Middle East & North Africa,Kuwaiti dinar,Country uses the 1993 System of National Accounts methodology,Value added at basic prices (VAB),Special trade system,Consolidated central government,Kuwait,Kuwait
108,KGZ,Kyrgyz Republic,Lower middle income,Europe & Central Asia,Kyrgyz som,Country uses the 2008 System of National Accounts methodology,Value added at basic prices (VAB),General trade system,Consolidated central government,Kyrgyz Republic,Kyrgyz Republic
109,LAO,Lao People's Democratic Republic,Lower middle income,East Asia & Pacific,Lao kip,Country uses the 2008 System of National Accounts methodology,Value added at basic prices (VAB),General trade system,Budgetary central government,Lao PDR,Lao PDR
110,LVA,Republic of Latvia,High income,Europe & Central Asia,Euro,Country uses the 2008 System of National Accounts methodology,Value added at basic prices (VAB),Special trade system,Consolidated central government,Latvia,Latvia
111,LBN,Lebanese Republic,Lower middle income,Middle East & North Africa,Lebanese pound,Country uses the 2008 System of National Accounts methodology,Value added at basic prices (VAB),General trade system,Budgetary central government,Lebanon,Lebanon
112,LSO,Kingdom of Lesotho,Lower middle income,Sub-Saharan Africa,Lesotho loti,Country uses the 2008 System of National Accounts methodology,Value added at basic prices (VAB),General trade system,Budgetary central government,Lesotho,Lesotho
113,LBR,Republic of Liberia,Low income,Sub-Saharan Africa,Liberian dollar,Country uses the 2008 System of National Accounts methodology,Value added at producer prices (VAP),,Consolidated central government,Liberia,Liberia
114,LBY,Socialist People's Libyan Arab Jamahiriya,Upper middle income,Middle East & North Africa,Libyan dinar,Country uses the 1993 System of National Accounts methodology,Value added at basic prices (VAB),,,Libya,Libya
115,LIE,Principality of Liechtenstein,High income,Europe & Central Asia,Swiss franc,Country uses the 2008 System of National Accounts methodology,Value added at basic prices (VAB),Special trade system,,Liechtenstein,Liechtenstein
116,LTU,Republic of Lithuania,High income,Europe & Central Asia,Euro,Country uses the 2008 System of National Accounts methodology,Value added at basic prices (VAB),Special trade system,Consolidated central government,Lithuania,Lithuania
117,LUX,Grand Duchy of Luxembourg,High income,Europe & Central Asia,Euro,Country uses the 2008 System of National Accounts methodology,Value added at basic prices (VAB),Special trade system,Consolidated central government,Luxembourg,Luxembourg
118,MAC,Macao Special Administrative Region of the People's Republic of China,High income,East Asia & Pacific,Macao pataca,Country uses the 2008 System of National Accounts methodology,Value added at producer prices (VAP),General trade system,Consolidated central government,"Macao SAR, China","Macao SAR, China"
119,MDG,Republic of Madagascar,Low income,Sub-Saharan Africa,Malagasy ariary,Country uses the 1993 System of National Accounts methodology,Value added at basic prices (VAB),General trade system,Budgetary central government,Madagascar,Madagascar
120,MWI,Republic of Malawi,Low income,Sub-Saharan Africa,Malawi kwacha,Country uses the 2008 System of National Accounts methodology,Value added at basic prices (VAB),General trade system,Budgetary central government,Malawi,Malawi
121,MYS,Malaysia,Upper middle income,East Asia & Pacific,Malaysian ringgit,Country uses the 2008 System of National Accounts methodology,Value added at basic prices (VAB),General trade system,Budgetary central government,Malaysia,Malaysia
122,MDV,Republic of Maldives,Upper middle income,South Asia,Maldivian rufiyaa,Country uses the 2008 System of National Accounts methodology,Value added at basic prices (VAB),General trade system,Consolidated central government,Maldives,Maldives
123,MLI,Republic of Mali,Low income,Sub-Saharan Africa,West African CFA franc,Country uses the 1993 System of National Accounts methodology,Value added at basic prices (VAB),General trade system,Budgetary central government,Mali,Mali
124,MLT,Republic of Malta,High income,Middle East & North Africa,Euro,Country uses the 2008 System of National Accounts methodology,Value added at basic prices (VAB),General trade system,Consolidated central government,Malta,Malta
125,MHL,Republic of the Marshall Islands,Upper middle income,East Asia & Pacific,U.S. dollar,Country uses the 1993 System of National Accounts methodology,Value added at basic prices (VAB),,Budgetary central government,Marshall Islands,Marshall Islands
126,MRT,Islamic Republic of Mauritania,Lower middle income,Sub-Saharan Africa,Mauritanian ouguiya,Country uses the 2008 System of National Accounts methodology,Value added at basic prices (VAB),General trade system,,Mauritania,Mauritania
127,MUS,Republic of Mauritius,Upper middle income,Sub-Saharan Africa,Mauritian rupee,Country uses the 2008 System of National Accounts methodology,Value added at basic prices (VAB),General trade system,Consolidated central government,Mauritius,Mauritius
128,MEX,United Mexican States,Upper middle income,Latin America & Caribbean,Mexican peso,Country uses the 2008 System of National Accounts methodology,Value added at basic prices (VAB),General trade system,Consolidated central government,Mexico,Mexico
129,FSM,Federated States of Micronesia,Lower middle income,East Asia & Pacific,U.S. dollar,Country uses the 1993 System of National Accounts methodology,Value added at basic prices (VAB),,Budgetary central government,"Micronesia, Fed. Sts.",Micronesia
130,MDA,Republic of Moldova,Upper middle income,Europe & Central Asia,Moldovan leu,Country uses the 2008 System of National Accounts methodology,Value added at basic prices (VAB),General trade system,Consolidated central government,Moldova,Moldova
131,MCO,Principality of Monaco,High income,Europe & Central Asia,Euro,Country uses the 2008 System of National Accounts methodology,Value added at basic prices (VAB),,,Monaco,Monaco
132,MNG,Mongolia,Upper middle income,East Asia & Pacific,Mongolian tugrik,Country uses the 2008 System of National Accounts methodology,Value added at basic prices (VAB),General trade system,Consolidated central government,Mongolia,Mongolia
133,MNE,Montenegro,Upper middle income,Europe & Central Asia,Euro,Country uses the 2008 System of National Accounts methodology,Value added at basic prices (VAB),Special trade system,,Montenegro,Montenegro
134,MAR,Kingdom of Morocco,Lower middle income,Middle East & North Africa,Moroccan dirham,Country uses the 2008 System of National Accounts methodology,Value added at basic prices (VAB),Special trade system,Budgetary central government,Morocco,Morocco
135,MOZ,Republic of Mozambique,Low income,Sub-Saharan Africa,New Mozambican metical,Country uses the 2008 System of National Accounts methodology,Value added at basic prices (VAB),General trade system,Budgetary central government,Mozambique,Mozambique
136,MMR,Republic of the Union of Myanmar,Lower middle income,East Asia & Pacific,Myanmar kyat,Country uses the 2008 System of National Accounts methodology,Value added at producer prices (VAP),General trade system,Consolidated central government,Myanmar,Myanmar
137,NAM,Republic of Namibia,Upper middle income,Sub-Saharan Africa,Namibian dollar,Country uses the 2008 System of National Accounts methodology,Value added at basic prices (VAB),General trade system,Budgetary central government,Namibia,Namibia
138,NRU,Republic of Nauru,High income,East Asia & Pacific,Australian dollar,Country uses the 1993 System of National Accounts methodology,Value added at basic prices (VAB),,,Nauru,Nauru
139,NPL,Nepal,Lower middle income,South Asia,Nepalese rupee,Country uses the 2008 System of National Accounts methodology,Value added at basic prices (VAB),General trade system,Budgetary central government,Nepal,Nepal
140,NLD,Kingdom of the Netherlands,High income,Europe & Central Asia,Euro,Country uses the 2008 System of National Accounts methodology,Value added at basic prices (VAB),Special trade system,Consolidated central government,Netherlands,Netherlands
141,NCL,New Caledonia,High income,East Asia & Pacific,CFP franc,Country uses the 2008 System of National Accounts methodology,Value added at basic prices (VAB),General trade system,,New Caledonia,New Caledonia
142,NZL,New Zealand,High income,East Asia & Pacific,New Zealand dollar,Country uses the 2008 System of National Accounts methodology,Value added at basic prices (VAB),General trade system,,New Zealand,New Zealand
143,NIC,Republic of Nicaragua,Lower middle income,Latin America & Caribbean,Nicaraguan gold cordoba,Country uses the 2008 System of National Accounts methodology,Value added at basic prices (VAB),General trade system,Budgetary central government,Nicaragua,Nicaragua
144,NER,Republic of Niger,Low income,Sub-Saharan Africa,West African CFA franc,Country uses the 2008 System of National Accounts methodology,Value added at basic prices (VAB),General trade system,,Niger,Niger
145,NGA,Federal Republic of Nigeria,Lower middle income,Sub-Saharan Africa,Nigerian naira,Country uses the 2008 System of National Accounts methodology,Value added at basic prices (VAB),General trade system,Budgetary central government,Nigeria,Nigeria
146,MKD,Republic of North Macedonia,Upper middle income,Europe & Central Asia,Macedonian denar,Country uses the 2008 System of National Accounts methodology,Value added at basic prices (VAB),Special trade system,Consolidated central government,North Macedonia,North Macedonia
147,MNP,Commonwealth of the Northern Mariana Islands,High income,East Asia & Pacific,U.S. dollar,Country uses the 1968 System of National Accounts methodology,Value added at basic prices (VAB),,,Northern Mariana Islands,Northern Mariana Islands
148,NOR,Kingdom of Norway,High income,Europe & Central Asia,Norwegian krone,Country uses the 2008 System of National Accounts methodology,Value added at basic prices (VAB),General trade system,Consolidated central government,Norway,Norway
149,OMN,Sultanate of Oman,High income,Middle East & North Africa,Omani rial,Country uses the 2008 System of National Accounts methodology,Value added at basic prices (VAB),General trade system,Budgetary central government,Oman,Oman
150,PAK,Islamic Republic of Pakistan,Lower middle income,South Asia,Pakistani rupee,Country uses the 2008 System of National Accounts methodology,Value added at basic prices (VAB),General trade system,Budgetary central government,Pakistan,Pakistan
151,PLW,Republic of Palau,High income,East Asia & Pacific,U.S. dollar,Country uses the 1993 System of National Accounts methodology,Value added at basic prices (VAB),General trade system,Budgetary central government,Palau,Palau
152,PAN,Republic of Panama,High income,Latin America & Caribbean,Panamanian balboa,Country uses the 1993 System of National Accounts methodology,Value added at basic prices (VAB),Special trade system,,Panama,Panama
153,PNG,The Independent State of Papua New Guinea,Lower middle income,East Asia & Pacific,Papua New Guinea kina,Country uses the 1993 System of National Accounts methodology,Value added at basic prices (VAB),,Budgetary central government,Papua New Guinea,Papua New Guinea
154,PRY,Republic of Paraguay,Upper middle income,Latin America & Caribbean,Paraguayan guarani,Country uses the 2008 System of National Accounts methodology,Value added at basic prices (VAB),General trade system,Consolidated central government,Paraguay,Paraguay
155,PER,Republic of Peru,Upper middle income,Latin America & Caribbean,Peruvian new sol,Country uses the 2008 System of National Accounts methodology,Value added at basic prices (VAB),Special trade system,Consolidated central government,Peru,Peru
156,PHL,Republic of the Philippines,Lower middle income,East Asia & Pacific,Philippine peso,Country uses the 2008 System of National Accounts methodology,Value added at producer prices (VAP),General trade system,Budgetary central government,Philippines,Philippines
157,POL,Republic of Poland,High income,Europe & Central Asia,Polish zloty,Country uses the 2008 System of National Accounts methodology,Value added at basic prices (VAB),Special trade system,Consolidated central government,Poland,Poland
158,PRT,Portuguese Republic,High income,Europe & Central Asia,Euro,Country uses the 2008 System of National Accounts methodology,Value added at basic prices (VAB),Special trade system,Consolidated central government,Portugal,Portugal
159,PRI,Puerto Rico,High income,Latin America & Caribbean,U.S. dollar,Country uses the 1968 System of National Accounts methodology,Value added at producer prices (VAP),General trade system,,Puerto Rico,Puerto Rico
160,QAT,State of Qatar,High income,Middle East & North Africa,Qatari riyal,Country uses the 1993 System of National Accounts methodology,Value added at producer prices (VAP),General trade system,Budgetary central government,Qatar,Qatar
161,ROU,Romania,High income,Europe & Central Asia,New Romanian leu,Country uses the 2008 System of National Accounts methodology,Value added at basic prices (VAB),Special trade system,Consolidated central government,Romania,Romania
162,RUS,Russian Federation,High income,Europe & Central Asia,Russian ruble,Country uses the 2008 System of National Accounts methodology,Value added at basic prices (VAB),General trade system,Consolidated central government,Russian Federation,Russia
163,RWA,Republic of Rwanda,Low income,Sub-Saharan Africa,Rwandan franc,Country uses the 2008 System of National Accounts methodology,Value added at basic prices (VAB),General trade system,Budgetary central government,Rwanda,Rwanda
164,WSM,Independent State of Samoa,Lower middle income,East Asia & Pacific,Samoan tala,Country uses the 1993 System of National Accounts methodology,Value added at basic prices (VAB),General trade system,Budgetary central government,Samoa,Samoa
165,SMR,Republic of San Marino,High income,Europe & Central Asia,Euro,Country uses the 1993 System of National Accounts methodology,Value added at basic prices (VAB),,Consolidated central government,San Marino,San Marino
166,STP,Democratic Republic of São Tomé and Principe,Lower middle income,Sub-Saharan Africa,São Tomé and Principe dobra,Country uses the 1993 System of National Accounts methodology,Value added at basic prices (VAB),Special trade system,Budgetary central government,São Tomé and Principe,São Tomé and Principe
167,SAU,Kingdom of Saudi Arabia,High income,Middle East & North Africa,Saudi Arabian riyal,Country uses the 2008 System of National Accounts methodology,Value added at producer prices (VAP),General trade system,Budgetary central government,Saudi Arabia,Saudi Arabia
168,SEN,Republic of Senegal,Lower middle income,Sub-Saharan Africa,West African CFA franc,Country uses the 2008 System of National Accounts methodology,Value added at basic prices (VAB),General trade system,Budgetary central government,Senegal,Senegal
169,SRB,Republic of Serbia,Upper middle income,Europe & Central Asia,New Serbian dinar,Country uses the 2008 System of National Accounts methodology,Value added at basic prices (VAB),General trade system,Consolidated central government,Serbia,Serbia
170,SYC,Republic of Seychelles,High income,Sub-Saharan Africa,Seychelles rupee,Country uses the 2008 System of National Accounts methodology,Value added at basic prices (VAB),General trade system,Consolidated central government,Seychelles,Seychelles
171,SLE,Republic of Sierra Leone,Low income,Sub-Saharan Africa,Sierra Leonean leone,Country uses the 2008 System of National Accounts methodology,Value added at basic prices (VAB),General trade system,Consolidated central government,Sierra Leone,Sierra Leone
172,SGP,Republic of Singapore,High income,East Asia & Pacific,Singapore dollar,Country uses the 2008 System of National Accounts methodology,Value added at basic prices (VAB),General trade system,Consolidated central government,Singapore,Singapore
173,SXM,Sint Maarten (Dutch part),High income,Latin America & Caribbean,Netherlands Antillean guilder,,Value added at basic prices (VAB),,,Sint Maarten (Dutch part),Sint Maarten (Dutch part)
174,SVK,Slovak Republic,High income,Europe & Central Asia,Euro,Country uses the 2008 System of National Accounts methodology,Value added at basic prices (VAB),Special trade system,Consolidated central government,Slovak Republic,Slovak Republic
175,SVN,Republic of Slovenia,High income,Europe & Central Asia,Euro,Country uses the 2008 System of National Accounts methodology,Value added at basic prices (VAB),Special trade system,Consolidated central government,Slovenia,Slovenia
176,SLB,Solomon Islands,Lower middle income,East Asia & Pacific,Solomon Islands dollar,Country uses the 1993 System of National Accounts methodology,Value added at basic prices (VAB),Special trade system,Budgetary central government,Solomon Islands,Solomon Islands
177,SOM,Somali Democratic Republic,Low income,Sub-Saharan Africa,Somali shilling,Country uses the 2008 System of National Accounts methodology,Value added at basic prices (VAB),,,Somalia,Somalia
178,ZAF,Republic of South Africa,Upper middle income,Sub-Saharan Africa,South African rand,Country uses the 2008 System of National Accounts methodology,Value added at basic prices (VAB),General trade system,Consolidated central government,South Africa,South Africa
179,SSD,Republic of South Sudan,Low income,Sub-Saharan Africa,South Sudanese Pound,Country uses the 2008 System of National Accounts methodology,Value added at basic prices (VAB),,,South Sudan,South Sudan
180,ESP,Kingdom of Spain,High income,Europe & Central Asia,Euro,Country uses the 2008 System of National Accounts methodology,Value added at basic prices (VAB),Special trade system,Consolidated central government,Spain,Spain
181,LKA,Democratic Socialist Republic of Sri Lanka,Lower middle income,South Asia,Sri Lankan rupee,Country uses the 2008 System of National Accounts methodology,Value added at basic prices (VAB),General trade system,Budgetary central government,Sri Lanka,Sri Lanka
182,KNA,St. Kitts and Nevis,High income,Latin America & Caribbean,East Caribbean dollar,Country uses the 2008 System of National Accounts methodology,Value added at basic prices (VAB),Special trade system,Budgetary central government,St. Kitts and Nevis,St. Kitts and Nevis
183,LCA,St. Lucia,Upper middle income,Latin America & Caribbean,East Caribbean dollar,Country uses the 2008 System of National Accounts methodology,Value added at basic prices (VAB),General trade system,Budgetary central government,St. Lucia,St. Lucia
184,MAF,St. Martin (French part),High income,Latin America & Caribbean,Euro,Country uses the 2008 System of National Accounts methodology,Value added at producer prices (VAP),,,St. Martin (French part),St. Martin (French part)
185,VCT,St. Vincent and the Grenadines,Upper middle income,Latin America & Caribbean,East Caribbean dollar,Country uses the 2008 System of National Accounts methodology,Value added at basic prices (VAB),Special trade system,Budgetary central government,St. Vincent and the Grenadines,St. Vincent and the Grenadines
186,SDN,Republic of the Sudan,Low income,Sub-Saharan Africa,Sudanese pound,Country uses the 1968 System of National Accounts methodology,Value added at basic prices (VAB),General trade system,,Sudan,Sudan
187,SUR,Republic of Suriname,Upper middle income,Latin America & Caribbean,Suriname dollar,Country uses the 2008 System of National Accounts methodology,Value added at basic prices (VAB),General trade system,Budgetary central government,Suriname,Suriname
188,SWE,Kingdom of Sweden,High income,Europe & Central Asia,Swedish krona,Country uses the 2008 System of National Accounts methodology,Value added at basic prices (VAB),Special trade system,Consolidated central government,Sweden,Sweden
189,CHE,Switzerland,High income,Europe & Central Asia,Swiss franc,Country uses the 2008 System of National Accounts methodology,Value added at basic prices (VAB),Special trade system,Consolidated central government,Switzerland,Switzerland
190,SYR,Syrian Arab Republic,Low income,Middle East & North Africa,Syrian pound,Country uses the 1993 System of National Accounts methodology,Value added at producer prices (VAP),,Budgetary central government,Syrian Arab Republic,Syrian Arab Republic
191,TJK,Republic of Tajikistan,Lower middle income,Europe & Central Asia,Tajik somoni,Country uses the 1993 System of National Accounts methodology,Value added at basic prices (VAB),,,Tajikistan,Tajikistan
192,TZA,United Republic of Tanzania,Lower middle income,Sub-Saharan Africa,Tanzanian shilling,Country uses the 2008 System of National Accounts methodology,Value added at basic prices (VAB),General trade system,Budgetary central government,Tanzania,Tanzania
193,THA,Kingdom of Thailand,Upper middle income,East Asia & Pacific,Thai baht,Country uses the 2008 System of National Accounts methodology,Value added at producer prices (VAP),Special trade system,Consolidated central government,Thailand,Thailand
194,TLS,Democratic Republic of Timor-Leste,Lower middle income,East Asia & Pacific,U.S. dollar,Country uses the 2008 System of National Accounts methodology,Value added at basic prices (VAB),General trade system,,Timor-Leste,Timor-Leste
195,TGO,Republic of Togo,Low income,Sub-Saharan Africa,West African CFA franc,Country uses the 2008 System of National Accounts methodology,Value added at basic prices (VAB),General trade system,Budgetary central government,Togo,Togo
196,TON,Kingdom of Tonga,Upper middle income,East Asia & Pacific,Tongan pa'anga,Country uses the 1993 System of National Accounts methodology,Value added at basic prices (VAB),,Consolidated central government,Tonga,Tonga
197,TTO,Republic of Trinidad and Tobago,High income,Latin America & Caribbean,Trinidad and Tobago dollar,Country uses the 2008 System of National Accounts methodology,Value added at basic prices (VAB),Special trade system,,Trinidad and Tobago,Trinidad and Tobago
198,TUN,Republic of Tunisia,Lower middle income,Middle East & North Africa,Tunisian dinar,Country uses the 1993 System of National Accounts methodology,Value added at basic prices (VAB),General trade system,Budgetary central government,Tunisia,Tunisia
199,TUR,Republic of Türkiye,Upper middle income,Europe & Central Asia,New Turkish lira,Country uses the 2008 System of National Accounts methodology,Value added at basic prices (VAB),Special trade system,Consolidated central government,Türkiye,Türkiye
200,TKM,Turkmenistan,Upper middle income,Europe & Central Asia,New Turkmen manat,Country uses the 1993 System of National Accounts methodology,Value added at basic prices (VAB),,,Turkmenistan,Turkmenistan
201,TCA,Turks and Caicos Islands,High income,Latin America & Caribbean,U.S. dollar,Country uses the 1993 System of National Accounts methodology,Value added at basic prices (VAB),,,Turks and Caicos Islands,Turks and Caicos Islands
202,TUV,Tuvalu,Upper middle income,East Asia & Pacific,Australian dollar,Country uses the 1968 System of National Accounts methodology,Value added at basic prices (VAB),,,Tuvalu,Tuvalu
203,UGA,Republic of Uganda,Low income,Sub-Saharan Africa,Ugandan shilling,Country uses the 2008 System of National Accounts methodology,Value added at basic prices (VAB),General trade system,Consolidated central government,Uganda,Uganda
204,UKR,Ukraine,Upper middle income,Europe & Central Asia,Ukrainian hryvnia,Country uses the 2008 System of National Accounts methodology,Value added at basic prices (VAB),General trade system,Consolidated central government,Ukraine,Ukraine
205,ARE,United Arab Emirates,High income,Middle East & North Africa,U.A.E. dirham,Country uses the 2008 System of National Accounts methodology,Value added at producer prices (VAP),Special trade system,Consolidated central government,United Arab Emirates,United Arab Emirates
206,GBR,United Kingdom of Great Britain and Northern Ireland,High income,Europe & Central Asia,Pound sterling,Country uses the 2008 System of National Accounts methodology,Value added at basic prices (VAB),General trade system,Consolidated central government,United Kingdom,United Kingdom
207,USA,United States of America,High income,North America,U.S. dollar,Country uses the 2008 System of National Accounts methodology,Value added at basic prices (VAB),General trade system,Consolidated central government,United States,United States
208,URY,Oriental Republic of Uruguay,High income,Latin America & Caribbean,Uruguayan peso,Country uses the 2008 System of National Accounts methodology,Value added at basic prices (VAB),Special trade system,Consolidated central government,Uruguay,Uruguay
209,UZB,Republic of Uzbekistan,Lower middle income,Europe & Central Asia,Uzbek som,Country uses the 2008 System of National Accounts methodology,Value added at basic prices (VAB),General trade system,Consolidated central government,Uzbekistan,Uzbekistan
210,VUT,Republic of Vanuatu,Lower middle income,East Asia & Pacific,Vanuatu vatu,Country uses the 1993 System of National Accounts methodology,Value added at basic prices (VAB),,Budgetary central government,Vanuatu,Vanuatu
211,VEN,República Bolivariana de Venezuela,,Latin America & Caribbean,Venezuelan bolivar fuerte,Country uses the 1993 System of National Accounts methodology,Value added at basic prices (VAB),,,"Venezuela, RB",Venezuela
212,VNM,Socialist Republic of Viet Nam,Lower middle income,East Asia & Pacific,Vietnamese dong,Country uses the 1993 System of National Accounts methodology,Value added at basic prices (VAB),General trade system,,Viet Nam,Viet Nam
213,VIR,Virgin Islands of the United States,High income,Latin America & Caribbean,U.S. dollar,Country uses the 2008 System of National Accounts methodology,Value added at basic prices (VAB),General trade system,,Virgin Islands (U.S.),Virgin Islands
214,PSE,West Bank and Gaza,Lower middle income,Middle East & North Africa,Israeli new shekel,Country uses the 2008 System of National Accounts methodology,0,,Consolidated central government,West Bank and Gaza,West Bank and Gaza
215,YEM,Republic of Yemen,Low income,Middle East & North Africa,Yemeni rial,Country uses the 1993 System of National Accounts methodology,Value added at basic prices (VAB),Special trade system,,"Yemen, Rep.",Yemen
216,ZMB,Republic of Zambia,Lower middle income,Sub-Saharan Africa,New Zambian kwacha,Country uses the 2008 System of National Accounts methodology,Value added at basic prices (VAB),General trade system,Budgetary central government,Zambia,Zambia
217,ZWE,Republic of Zimbabwe,Lower middle income,Sub-Saharan Africa,Zimbabwean Dollar,Country uses the 2008 System of National Accounts methodology,Value added at basic prices (VAB),General trade system,Budgetary central government,Zimbabwe,Zimbabwe
218,AFE,Africa Eastern and Southern,,,,,,,,Africa Eastern and Southern,Africa Eastern and Southern
219,AFW,Africa Western and Central,,,,,,,,Africa Western and Central,Africa Western and Central
220,ARB,Arab World,,,,,,,,Arab World,Arab World
221,CSS,Caribbean small states,,,,,,,,Caribbean small states,Caribbean small states
222,CEB,Central Europe and the Baltics,,,,,,,,Central Europe and the Baltics,Central Europe and the Baltics
223,EAR,Early-demographic dividend,,,,,,,,Early-demographic dividend,Early-demographic dividend
224,EAS,East Asia & Pacific,,,,,,,,East Asia & Pacific,East Asia & Pacific
225,EAP,East Asia & Pacific (excluding high income),,,,,,,,East Asia & Pacific (excluding high income),East Asia & Pacific (excluding high income)
226,TEA,East Asia & Pacific (IDA & IBRD),,,,,,,,East Asia & Pacific (IDA & IBRD),East Asia & Pacific (IDA & IBRD)
227,EMU,Euro area,,,,,,,,Euro area,Euro area
228,ECS,Europe & Central Asia,,,,,,,,Europe & Central Asia,Europe & Central Asia
229,ECA,Europe & Central Asia (excluding high income),,,,,,,,Europe & Central Asia (excluding high income),Europe & Central Asia (excluding high income)
230,TEC,Europe & Central Asia (IDA & IBRD),,,,,,,,Europe & Central Asia (IDA & IBRD),Europe & Central Asia (IDA & IBRD)
231,EUU,European Union,,,,,,,,European Union,European Union
232,FCS,Fragile and conflict affected situations,,,,,,,,Fragile and conflict affected situations,Fragile and conflict affected situations
233,HPC,Heavily indebted poor countries (HIPC),,,,,,,,Heavily indebted poor countries (HIPC),Heavily indebted poor countries (HIPC)
234,HIC,High income,,,,,,,,High income,High income
235,IBD,IBRD only,,,,,,,,IBRD only,IBRD only
236,IBT,IDA & IBRD total,,,,,,,,IDA & IBRD total,IDA & IBRD total
237,IDB,IDA blend,,,,,,,,IDA blend,IDA blend
238,IDX,IDA only,,,,,,,,IDA only,IDA only
239,IDA,IDA total,,,,,,,,IDA total,IDA total
240,LTE,Late-demographic dividend,,,,,,,,Late-demographic dividend,Late-demographic dividend
241,LCN,Latin America & Caribbean,,,,,,,,Latin America & Caribbean,Latin America & Caribbean
242,LAC,Latin America & Caribbean (excluding high income),,,,,,,,Latin America & Caribbean (excluding high income),Latin America & Caribbean (excluding high income)
243,TLA,Latin America & Caribbean (IDA & IBRD),,,,,,,,Latin America & Caribbean (IDA & IBRD),Latin America & Caribbean (IDA & IBRD)
244,LDC,Least developed countries: UN classification,,,,,,,,Least developed countries: UN classification,Least developed countries: UN classification
245,LMY,Low & middle income,,,,,,,,Low & middle income,Low & middle income
246,LIC,Low income,,,,,,,,Low income,Low income
247,LMC,Lower middle income,,,,,,,,Lower middle income,Lower middle income
248,MEA,Middle East & North Africa,,,,,,,,Middle East & North Africa,Middle East & North Africa
249,MNA,Middle East & North Africa (excluding high income),,,,,,,,Middle East & North Africa (excluding high income),Middle East & North Africa (excluding high income)
250,TMN,Middle East & North Africa (IDA & IBRD),,,,,,,,Middle East & North Africa (IDA & IBRD),Middle East & North Africa (IDA & IBRD)
251,MIC,Middle income,,,,,,,,Middle income,Middle income
252,NAC,North America,,,,,,,,North America,North America
253,OED,OECD members,,,,,,,,OECD members,OECD members
254,OSS,Other small states,,,,,,,,Other small states,Other small states
255,PSS,Pacific island small states,,,,,,,,Pacific island small states,Pacific island small states
256,PST,Post-demographic dividend,,,,,,,,Post-demographic dividend,Post-demographic dividend
257,PRE,Pre-demographic dividend,,,,,,,,Pre-demographic dividend,Pre-demographic dividend
258,SST,Small states,,,,,,,,Small states,Small states
259,SAS,South Asia,,,,,,,,South Asia,South Asia
260,TSA,South Asia (IDA & IBRD),,,,,,,,South Asia (IDA & IBRD),South Asia (IDA & IBRD)
261,SSF,Sub-Saharan Africa,,,,,,,,Sub-Saharan Africa,Sub-Saharan Africa
262,SSA,Sub-Saharan Africa (excluding high income),,,,,,,,Sub-Saharan Africa (excluding high income),Sub-Saharan Africa (excluding high income)
263,TSS,Sub-Saharan Africa (IDA & IBRD),,,,,,,,Sub-Saharan Africa (IDA & IBRD),Sub-Saharan Africa (IDA & IBRD)
264,UMC,Upper middle income,,,,,,,,Upper middle income,Upper middle income
265,WLD,World,,,,,,,,World,World